Seller;DataPedido;Pedido;IdSeller;Ciclo;StatusAtendimento;Protocolo;ValorPedido;ValorFrete;Comissao;RepasseLiquido
TRILHA ESPORTE;2024-08-22;97080457202;pipecaladosnewanymarket;2024-09-20;Repasse Normal;-;1499.97;41.07;315.00;1184.97
TRILHA ESPORTE;2024-08-20;97067763401;pipecaladosnewanymarket;2024-09-20;Repasse Normal;-;499.9;22.13;104.98;394.92
TRILHA ESPORTE;2024-08-20;97067938501;pipecaladosnewanymarket;2024-09-20;Repasse Normal;-;399.9;27;83.98;315.92
TRILHA ESPORTE;2024-08-20;97068235101;pipecaladosnewanymarket;2024-09-20;Repasse Normal;-;939.9;72.29;197.38;742.52
TRILHA ESPORTE;2024-08-20;97068274902;pipecaladosnewanymarket;2024-09-20;Repasse Normal;-;299.9;26;62.98;236.92
TRILHA ESPORTE;2024-08-20;97068428402;pipecaladosnewanymarket;2024-09-20;Repasse Normal;-;499.9;32.76;104.98;394.92
TRILHA ESPORTE;2024-08-20;97068843801;pipecaladosnewanymarket;2024-09-20;Repasse Normal;-;299.9;26;62.98;236.92
TRILHA ESPORTE;2024-08-20;97068764301;pipecaladosnewanymarket;2024-09-20;Repasse Normal;-;297.9;20.11;62.56;235.34
TRILHA ESPORTE;2024-08-20;97069012301;pipecaladosnewanymarket;2024-09-20;Repasse Normal;-;379.9;26.8;79.78;300.12
TRILHA ESPORTE;2024-08-20;97069235302;pipecaladosnewanymarket;2024-09-20;Repasse Normal;-;299.9;30.76;62.98;236.92
TRILHA ESPORTE;2024-08-21;97075643501;pipecaladosnewanymarket;2024-09-20;Repasse Normal;-;369.9;20.83;77.68;292.22
TRILHA ESPORTE;2024-08-21;97075731001;pipecaladosnewanymarket;2024-09-20;Repasse Normal;-;299.9;26;62.98;236.92
TRILHA ESPORTE;2024-08-21;97076879301;pipecaladosnewanymarket;2024-09-20;Repasse Normal;-;499.9;67.89;104.98;394.92
TRILHA ESPORTE;2024-08-21;97076769001;pipecaladosnewanymarket;2024-09-20;Repasse Normal;-;499.9;50.95;104.98;394.92
TRILHA ESPORTE;2024-08-21;97077036501;pipecaladosnewanymarket;2024-09-20;Repasse Normal;-;499.99;28;105.00;394.99
TRILHA ESPORTE;2024-08-21;97076992101;pipecaladosnewanymarket;2024-09-20;Repasse Normal;-;499.99;28;105.00;394.99
TRILHA ESPORTE;2024-08-21;97076929001;pipecaladosnewanymarket;2024-09-20;Repasse Normal;-;299.9;20.13;62.98;236.92
TRILHA ESPORTE;2024-08-21;97076991701;pipecaladosnewanymarket;2024-09-20;Repasse Normal;-;499.9;22.13;104.98;394.92
TRILHA ESPORTE;2024-08-21;97077065202;pipecaladosnewanymarket;2024-09-20;Repasse Normal;-;359.9;31.36;75.58;284.32
TRILHA ESPORTE;2024-08-21;97077084701;pipecaladosnewanymarket;2024-09-20;Repasse Normal;-;379.9;26.8;79.78;300.12
TRILHA ESPORTE;2024-08-21;97077147101;pipecaladosnewanymarket;2024-09-20;Repasse Normal;-;379.9;31.56;79.78;300.12
TRILHA ESPORTE;2024-08-21;97077563001;pipecaladosnewanymarket;2024-09-20;Repasse Normal;-;549.9;28.5;115.48;434.42
TRILHA ESPORTE;2024-08-21;97077656001;pipecaladosnewanymarket;2024-09-20;Repasse Normal;-;499.9;50.95;104.98;394.92
TRILHA ESPORTE;2024-08-21;97077746201;pipecaladosnewanymarket;2024-09-20;Repasse Normal;-;299.9;20.13;62.98;236.92
TRILHA ESPORTE;2024-08-21;97077714701;pipecaladosnewanymarket;2024-09-20;Repasse Normal;-;549.9;22.63;115.48;434.42
TRILHA ESPORTE;2024-08-21;97077779001;pipecaladosnewanymarket;2024-09-20;Repasse Normal;-;499.9;67.89;104.98;394.92
TRILHA ESPORTE;2024-08-21;97077869301;pipecaladosnewanymarket;2024-09-20;Repasse Normal;-;499.9;22.13;104.98;394.92
TRILHA ESPORTE;2024-08-21;97078134401;pipecaladosnewanymarket;2024-09-20;Repasse Normal;-;499.99;32.76;105.00;394.99
TRILHA ESPORTE;2024-08-21;97078187301;pipecaladosnewanymarket;2024-09-20;Repasse Normal;-;379.9;26.8;79.78;300.12
TRILHA ESPORTE;2024-08-21;97078177701;pipecaladosnewanymarket;2024-09-20;Repasse Normal;-;499.99;22.13;105.00;394.99
TRILHA ESPORTE;2024-08-21;97078271902;pipecaladosnewanymarket;2024-09-20;Repasse Normal;-;449.9;27.5;94.48;355.42
TRILHA ESPORTE;2024-08-21;97078374902;pipecaladosnewanymarket;2024-09-20;Repasse Normal;-;499.9;28;104.98;394.92
TRILHA ESPORTE;2024-08-21;97078398801;pipecaladosnewanymarket;2024-09-20;Repasse Normal;-;499.99;67.89;105.00;394.99
TRILHA ESPORTE;2024-08-21;97078449001;pipecaladosnewanymarket;2024-09-20;Repasse Normal;-;299.9;26;62.98;236.92
TRILHA ESPORTE;2024-08-21;97078850901;pipecaladosnewanymarket;2024-09-20;Repasse Normal;-;499.99;28;105.00;394.99
TRILHA ESPORTE;2024-08-21;97078828701;pipecaladosnewanymarket;2024-09-20;Repasse Normal;-;499.9;28;104.98;394.92
TRILHA ESPORTE;2024-08-22;97079281901;pipecaladosnewanymarket;2024-09-20;Repasse Normal;-;499.99;32.76;105.00;394.99
TRILHA ESPORTE;2024-08-22;97079520201;pipecaladosnewanymarket;2024-09-20;Repasse Normal;-;499.99;50.95;105.00;394.99
TRILHA ESPORTE;2024-08-22;97079479001;pipecaladosnewanymarket;2024-09-20;Repasse Normal;-;499.99;28;105.00;394.99
TRILHA ESPORTE;2024-08-22;97079448101;pipecaladosnewanymarket;2024-09-20;Repasse Normal;-;499.9;28;104.98;394.92
TRILHA ESPORTE;2024-08-22;97079707801;pipecaladosnewanymarket;2024-09-20;Repasse Normal;-;499.99;28;105.00;394.99
TRILHA ESPORTE;2024-08-22;97079863701;pipecaladosnewanymarket;2024-09-20;Repasse Normal;-;429.9;27.3;90.28;339.62
TRILHA ESPORTE;2024-08-22;97079785702;pipecaladosnewanymarket;2024-09-20;Repasse Normal;-;299.9;20.13;62.98;236.92
TRILHA ESPORTE;2024-08-22;97080152401;pipecaladosnewanymarket;2024-09-20;Repasse Normal;-;499.9;28;104.98;394.92
TRILHA ESPORTE;2024-08-22;97080059001;pipecaladosnewanymarket;2024-09-20;Repasse Normal;-;939.9;37.16;197.38;742.52
TRILHA ESPORTE;2024-08-22;97079972401;pipecaladosnewanymarket;2024-09-20;Repasse Normal;-;379.9;26.8;79.78;300.12
TRILHA ESPORTE;2024-08-22;97080429101;pipecaladosnewanymarket;2024-09-20;Repasse Normal;-;999.9;33;209.98;789.92
TRILHA ESPORTE;2024-08-22;97080533701;pipecaladosnewanymarket;2024-09-20;Repasse Normal;-;749.9;35.26;157.48;592.42
TRILHA ESPORTE;2024-08-22;97080694201;pipecaladosnewanymarket;2024-09-20;Repasse Normal;-;499.9;67.89;104.98;394.92
TRILHA ESPORTE;2024-08-22;97080714501;pipecaladosnewanymarket;2024-09-20;Repasse Normal;-;499.9;67.89;104.98;394.92
TRILHA ESPORTE;2024-08-22;97080736801;pipecaladosnewanymarket;2024-09-20;Repasse Normal;-;499.9;50.95;104.98;394.92
TRILHA ESPORTE;2024-08-22;97081095301;pipecaladosnewanymarket;2024-09-20;Repasse Normal;-;299.9;30.76;62.98;236.92
TRILHA ESPORTE;2024-08-22;97081235501;pipecaladosnewanymarket;2024-09-20;Repasse Normal;-;499.99;22.13;105.00;394.99
TRILHA ESPORTE;2024-08-22;97081162601;pipecaladosnewanymarket;2024-09-20;Repasse Normal;-;549.9;33.26;115.48;434.42
TRILHA ESPORTE;2024-08-22;97081465201;pipecaladosnewanymarket;2024-09-20;Repasse Normal;-;499.9;28;104.98;394.92
TRILHA ESPORTE;2024-08-22;97081348601;pipecaladosnewanymarket;2024-09-20;Repasse Normal;-;799.9;31;167.98;631.92
TRILHA ESPORTE;2024-08-22;97081380401;pipecaladosnewanymarket;2024-09-20;Repasse Normal;-;989.9;32.9;207.88;782.02
TRILHA ESPORTE;2024-08-22;97081404701;pipecaladosnewanymarket;2024-09-20;Repasse Normal;-;499.99;28;105.00;394.99
TRILHA ESPORTE;2024-08-22;97081658601;pipecaladosnewanymarket;2024-09-20;Repasse Normal;-;499.99;28;105.00;394.99
TRILHA ESPORTE;2024-08-22;97082193501;pipecaladosnewanymarket;2024-09-20;Repasse Normal;-;499.99;67.89;105.00;394.99
TRILHA ESPORTE;2024-08-22;97082173301;pipecaladosnewanymarket;2024-09-20;Repasse Normal;-;499.9;67.89;104.98;394.92
TRILHA ESPORTE;2024-08-22;97082347601;pipecaladosnewanymarket;2024-09-20;Repasse Normal;-;499.9;28;104.98;394.92
TRILHA ESPORTE;2024-08-23;97082707901;pipecaladosnewanymarket;2024-09-20;Repasse Normal;-;499.9;28;104.98;394.92
TRILHA ESPORTE;2024-08-23;97082775802;pipecaladosnewanymarket;2024-09-20;Repasse Normal;-;499.9;32.76;104.98;394.92
TRILHA ESPORTE;2024-08-23;97083430901;pipecaladosnewanymarket;2024-09-20;Repasse Normal;-;1199.9;35;251.98;947.92
TRILHA ESPORTE;2024-08-23;97083395003;pipecaladosnewanymarket;2024-09-20;Repasse Normal;-;499.9;32.76;104.98;394.92
TRILHA ESPORTE;2024-08-23;97083529801;pipecaladosnewanymarket;2024-09-20;Repasse Normal;-;499.99;28;105.00;394.99
TRILHA ESPORTE;2024-08-23;97083339701;pipecaladosnewanymarket;2024-09-20;Repasse Normal;-;499.99;22.13;105.00;394.99
TRILHA ESPORTE;2024-08-23;97083747801;pipecaladosnewanymarket;2024-09-20;Repasse Normal;-;499.99;67.89;105.00;394.99
TRILHA ESPORTE;2024-08-23;97083655202;pipecaladosnewanymarket;2024-09-20;Repasse Normal;-;399.9;27;83.98;315.92
TRILHA ESPORTE;2024-08-23;97083844002;pipecaladosnewanymarket;2024-09-20;Repasse Normal;-;299.9;26;62.98;236.92
TRILHA ESPORTE;2024-08-23;97083895601;pipecaladosnewanymarket;2024-09-20;Repasse Normal;-;499.99;32.76;105.00;394.99
TRILHA ESPORTE;2024-08-23;97084286101;pipecaladosnewanymarket;2024-09-20;Repasse Normal;-;499.99;28;105.00;394.99
TRILHA ESPORTE;2024-08-23;97084523401;pipecaladosnewanymarket;2024-09-20;Repasse Normal;-;749.9;30.5;157.48;592.42
TRILHA ESPORTE;2024-08-23;97084528003;pipecaladosnewanymarket;2024-09-20;Repasse Normal;-;299.9;30.76;62.98;236.92
TRILHA ESPORTE;2024-08-23;97084958601;pipecaladosnewanymarket;2024-09-20;Repasse Normal;-;549.9;33.26;115.48;434.42
TRILHA ESPORTE;2024-08-23;97084994601;pipecaladosnewanymarket;2024-09-20;Repasse Normal;-;499.9;28;104.98;394.92
TRILHA ESPORTE;2024-08-23;97084988602;pipecaladosnewanymarket;2024-09-20;Repasse Normal;-;379.9;31.56;79.78;300.12
TRILHA ESPORTE;2024-08-23;97085077201;pipecaladosnewanymarket;2024-09-20;Repasse Normal;-;1199.9;35;251.98;947.92
TRILHA ESPORTE;2024-08-23;97085323301;pipecaladosnewanymarket;2024-09-20;Repasse Normal;-;499.9;32.76;104.98;394.92
TRILHA ESPORTE;2024-08-23;97085211601;pipecaladosnewanymarket;2024-09-20;Repasse Normal;-;499.99;32.76;105.00;394.99
TRILHA ESPORTE;2024-08-23;97085407801;pipecaladosnewanymarket;2024-09-20;Repasse Normal;-;999.89;78.21;209.98;789.91
TRILHA ESPORTE;2024-08-23;97085475001;pipecaladosnewanymarket;2024-09-20;Repasse Normal;-;499.9;22.13;104.98;394.92
TRILHA ESPORTE;2024-08-24;97085677103;pipecaladosnewanymarket;2024-09-20;Repasse Normal;-;279.9;48.75;58.78;221.12
TRILHA ESPORTE;2024-08-24;97085846101;pipecaladosnewanymarket;2024-09-20;Repasse Normal;-;499.9;28;104.98;394.92
TRILHA ESPORTE;2024-08-24;97085896501;pipecaladosnewanymarket;2024-09-20;Repasse Normal;-;499.9;67.89;104.98;394.92
TRILHA ESPORTE;2024-08-24;97086114901;pipecaladosnewanymarket;2024-09-20;Repasse Normal;-;499.9;22.13;104.98;394.92
TRILHA ESPORTE;2024-08-24;97086061302;pipecaladosnewanymarket;2024-09-20;Repasse Normal;-;499.99;67.89;105.00;394.99
TRILHA ESPORTE;2024-08-24;97086174101;pipecaladosnewanymarket;2024-09-20;Repasse Normal;-;499.9;32.76;104.98;394.92
TRILHA ESPORTE;2024-08-24;97086674401;pipecaladosnewanymarket;2024-09-20;Repasse Normal;-;599.9;68.89;125.98;473.92
TRILHA ESPORTE;2024-08-24;97086800301;pipecaladosnewanymarket;2024-09-20;Repasse Normal;-;499.9;22.13;104.98;394.92
TRILHA ESPORTE;2024-08-24;97086968601;pipecaladosnewanymarket;2024-09-20;Repasse Normal;-;499.9;32.76;104.98;394.92
TRILHA ESPORTE;2024-08-24;97086978401;pipecaladosnewanymarket;2024-09-20;Repasse Normal;-;499.9;28;104.98;394.92
TRILHA ESPORTE;2024-08-24;97087056701;pipecaladosnewanymarket;2024-09-20;Repasse Normal;-;999.9;33;209.98;789.92
TRILHA ESPORTE;2024-08-24;97087116001;pipecaladosnewanymarket;2024-09-20;Repasse Normal;-;339.9;31.16;71.38;268.52
TRILHA ESPORTE;2024-08-24;97087213601;pipecaladosnewanymarket;2024-09-20;Repasse Normal;-;589.9;28.9;123.88;466.02
TRILHA ESPORTE;2024-08-24;97087164102;pipecaladosnewanymarket;2024-09-20;Repasse Normal;-;499.9;28;104.98;394.92
TRILHA ESPORTE;2024-08-24;97087301501;pipecaladosnewanymarket;2024-09-20;Repasse Normal;-;339.9;26.4;71.38;268.52
TRILHA ESPORTE;2024-08-24;97087440402;pipecaladosnewanymarket;2024-09-20;Repasse Normal;-;749.9;70.39;157.48;592.42
TRILHA ESPORTE;2024-08-24;97087449501;pipecaladosnewanymarket;2024-09-20;Repasse Normal;-;499.9;67.89;104.98;394.92
TRILHA ESPORTE;2024-08-24;97087455101;pipecaladosnewanymarket;2024-09-20;Repasse Normal;-;238.9;30.15;50.17;188.73
TRILHA ESPORTE;2024-08-24;97087551302;pipecaladosnewanymarket;2024-09-20;Repasse Normal;-;499.9;32.76;104.98;394.92
TRILHA ESPORTE;2024-08-24;97087586901;pipecaladosnewanymarket;2024-09-20;Repasse Normal;-;499.9;32.76;104.98;394.92
TRILHA ESPORTE;2024-08-24;97087869801;pipecaladosnewanymarket;2024-09-20;Repasse Normal;-;1199.9;35;251.98;947.92
TRILHA ESPORTE;2024-08-24;97087872701;pipecaladosnewanymarket;2024-09-20;Repasse Normal;-;499.9;28;104.98;394.92
TRILHA ESPORTE;2024-08-24;97087999901;pipecaladosnewanymarket;2024-09-20;Repasse Normal;-;299.9;26;62.98;236.92
TRILHA ESPORTE;2024-08-25;97088238901;pipecaladosnewanymarket;2024-09-20;Repasse Normal;-;499.9;32.76;104.98;394.92
TRILHA ESPORTE;2024-08-25;97088453703;pipecaladosnewanymarket;2024-09-20;Repasse Normal;-;499.9;67.89;104.98;394.92
TRILHA ESPORTE;2024-08-25;97088572301;pipecaladosnewanymarket;2024-09-20;Repasse Normal;-;899.9;32;188.98;710.92
TRILHA ESPORTE;2024-08-25;97088676001;pipecaladosnewanymarket;2024-09-20;Repasse Normal;-;499.9;22.13;104.98;394.92
TRILHA ESPORTE;2024-08-25;97088694901;pipecaladosnewanymarket;2024-09-20;Repasse Normal;-;499.99;28;105.00;394.99
TRILHA ESPORTE;2024-08-25;97088665801;pipecaladosnewanymarket;2024-09-20;Repasse Normal;-;299.9;26;62.98;236.92
TRILHA ESPORTE;2024-08-25;97088939101;pipecaladosnewanymarket;2024-09-20;Repasse Normal;-;499.9;32.76;104.98;394.92
TRILHA ESPORTE;2024-08-25;97089177402;pipecaladosnewanymarket;2024-09-20;Repasse Normal;-;299.9;26;62.98;236.92
TRILHA ESPORTE;2024-08-25;97089364901;pipecaladosnewanymarket;2024-09-20;Repasse Normal;-;599.9;33.76;125.98;473.92
TRILHA ESPORTE;2024-08-25;97089423501;pipecaladosnewanymarket;2024-09-20;Repasse Normal;-;999.9;55.95;209.98;789.92
TRILHA ESPORTE;2024-08-25;97089388001;pipecaladosnewanymarket;2024-09-20;Repasse Normal;-;1399.9;76.89;293.98;1105.92
TRILHA ESPORTE;2024-08-25;97089331901;pipecaladosnewanymarket;2024-09-20;Repasse Normal;-;799.9;35.76;167.98;631.92
TRILHA ESPORTE;2024-08-25;97089474701;pipecaladosnewanymarket;2024-09-20;Repasse Normal;-;499.9;50.95;104.98;394.92
TRILHA ESPORTE;2024-08-25;97089379301;pipecaladosnewanymarket;2024-09-20;Repasse Normal;-;299.9;26;62.98;236.92
TRILHA ESPORTE;2024-08-25;97089499701;pipecaladosnewanymarket;2024-09-20;Repasse Normal;-;499.9;28;104.98;394.92
TRILHA ESPORTE;2024-08-25;97089616001;pipecaladosnewanymarket;2024-09-20;Repasse Normal;-;599.9;29;125.98;473.92
TRILHA ESPORTE;2024-08-25;97089947701;pipecaladosnewanymarket;2024-09-20;Repasse Normal;-;999.9;33;209.98;789.92
TRILHA ESPORTE;2024-08-25;97089952301;pipecaladosnewanymarket;2024-09-20;Repasse Normal;-;339.9;26.4;71.38;268.52
TRILHA ESPORTE;2024-08-25;97090278601;pipecaladosnewanymarket;2024-09-20;Repasse Normal;-;549.9;33.26;115.48;434.42
TRILHA ESPORTE;2024-08-25;97090563402;pipecaladosnewanymarket;2024-09-20;Repasse Normal;-;359.9;26.6;75.58;284.32
TRILHA ESPORTE;2024-08-25;97090677501;pipecaladosnewanymarket;2024-09-20;Repasse Normal;-;499.9;32.76;104.98;394.92
TRILHA ESPORTE;2024-08-25;97090894301;pipecaladosnewanymarket;2024-09-20;Repasse Normal;-;499.9;67.89;104.98;394.92
TRILHA ESPORTE;2024-08-25;97090946102;pipecaladosnewanymarket;2024-09-20;Repasse Normal;-;599.9;29;125.98;473.92
TRILHA ESPORTE;2024-08-26;97091235701;pipecaladosnewanymarket;2024-09-20;Repasse Normal;-;359.9;31.36;75.58;284.32
TRILHA ESPORTE;2024-08-26;97091401601;pipecaladosnewanymarket;2024-09-20;Repasse Normal;-;499.9;22.13;104.98;394.92
TRILHA ESPORTE;2024-08-26;97091743301;pipecaladosnewanymarket;2024-09-20;Repasse Normal;-;159.9;24.6;33.58;126.32
TRILHA ESPORTE;2024-08-26;97091603701;pipecaladosnewanymarket;2024-09-20;Repasse Normal;-;359.9;31.36;75.58;284.32
TRILHA ESPORTE;2024-08-26;97092104301;pipecaladosnewanymarket;2024-09-20;Repasse Normal;-;499.9;28;104.98;394.92
TRILHA ESPORTE;2024-08-26;97092345101;pipecaladosnewanymarket;2024-09-20;Repasse Normal;-;899.9;71.89;188.98;710.92
TRILHA ESPORTE;2024-08-26;97092128001;pipecaladosnewanymarket;2024-09-20;Repasse Normal;-;499.9;28;104.98;394.92
TRILHA ESPORTE;2024-08-26;97092141401;pipecaladosnewanymarket;2024-09-20;Repasse Normal;-;499.9;32.76;104.98;394.92
TRILHA ESPORTE;2024-08-26;97092391801;pipecaladosnewanymarket;2024-09-20;Repasse Normal;-;1199.9;74.89;251.98;947.92
TRILHA ESPORTE;2024-08-26;97092729402;pipecaladosnewanymarket;2024-09-20;Repasse Normal;-;499.9;67.89;104.98;394.92
TRILHA ESPORTE;2024-08-26;97092945102;pipecaladosnewanymarket;2024-09-20;Repasse Normal;-;379.9;31.56;79.78;300.12
TRILHA ESPORTE;2024-08-26;97093688901;pipecaladosnewanymarket;2024-09-20;Repasse Normal;-;999.9;33;209.98;789.92
TRILHA ESPORTE;2024-08-26;97093596201;pipecaladosnewanymarket;2024-09-20;Repasse Normal;-;499.9;32.76;104.98;394.92
TRILHA ESPORTE;2024-08-26;97093761401;pipecaladosnewanymarket;2024-09-20;Repasse Normal;-;499.9;22.13;104.98;394.92
TRILHA ESPORTE;2024-08-26;97093706002;pipecaladosnewanymarket;2024-09-20;Repasse Normal;-;339.9;26.4;71.38;268.52
TRILHA ESPORTE;2024-08-26;97093824601;pipecaladosnewanymarket;2024-09-20;Repasse Normal;-;599.9;51.95;125.98;473.92
TRILHA ESPORTE;2024-08-26;97093853601;pipecaladosnewanymarket;2024-09-20;Repasse Normal;-;499.9;22.13;104.98;394.92
TRILHA ESPORTE;2024-08-27;97094762201;pipecaladosnewanymarket;2024-09-20;Repasse Normal;-;599.79;74.21;125.96;473.83
TRILHA ESPORTE;2024-08-27;97094743401;pipecaladosnewanymarket;2024-09-20;Repasse Normal;-;329.9;20.43;69.28;260.62
TRILHA ESPORTE;2024-08-27;97094790301;pipecaladosnewanymarket;2024-09-20;Repasse Normal;-;429.9;27.3;90.28;339.62
TRILHA ESPORTE;2024-08-27;97095713101;pipecaladosnewanymarket;2024-09-20;Repasse Normal;-;499.9;67.89;104.98;394.92
TRILHA ESPORTE;2024-08-27;97095697801;pipecaladosnewanymarket;2024-09-20;Repasse Normal;-;599.9;29;125.98;473.92
TRILHA ESPORTE;2024-08-27;97095635201;pipecaladosnewanymarket;2024-09-20;Repasse Normal;-;499.9;32.76;104.98;394.92
TRILHA ESPORTE;2024-08-27;97096121501;pipecaladosnewanymarket;2024-09-20;Repasse Normal;-;299.9;26;62.98;236.92
TRILHA ESPORTE;2024-08-27;97096185801;pipecaladosnewanymarket;2024-09-20;Repasse Normal;-;499.9;67.89;104.98;394.92
TRILHA ESPORTE;2024-08-27;97096205401;pipecaladosnewanymarket;2024-09-20;Repasse Normal;-;499.9;28;104.98;394.92
TRILHA ESPORTE;2024-08-27;97096326701;pipecaladosnewanymarket;2024-09-20;Repasse Normal;-;499.9;28;104.98;394.92
TRILHA ESPORTE;2024-08-27;97096594501;pipecaladosnewanymarket;2024-09-20;Repasse Normal;-;1099.9;73.89;230.98;868.92
TRILHA ESPORTE;2024-08-27;97096929901;pipecaladosnewanymarket;2024-09-20;Repasse Normal;-;499.9;32.76;104.98;394.92
TRILHA ESPORTE;2024-08-27;97097048201;pipecaladosnewanymarket;2024-09-20;Repasse Normal;-;399.9;31.76;83.98;315.92
TRILHA ESPORTE;2024-08-27;97097125701;pipecaladosnewanymarket;2024-09-20;Repasse Normal;-;499.9;67.89;104.98;394.92
TRILHA ESPORTE;2024-08-27;97097216401;pipecaladosnewanymarket;2024-09-20;Repasse Normal;-;499.9;28;104.98;394.92
TRILHA ESPORTE;2024-08-27;97097109201;pipecaladosnewanymarket;2024-09-20;Repasse Normal;-;499.9;32.76;104.98;394.92
TRILHA ESPORTE;2024-08-27;97097382801;pipecaladosnewanymarket;2024-09-20;Repasse Normal;-;549.9;28.5;115.48;434.42
TRILHA ESPORTE;2024-08-27;97097633802;pipecaladosnewanymarket;2024-09-20;Repasse Normal;-;299.9;26;62.98;236.92
TRILHA ESPORTE;2024-08-28;97098099703;pipecaladosnewanymarket;2024-09-20;Repasse Normal;-;379.9;26.8;79.78;300.12
TRILHA ESPORTE;2024-08-28;97098627301;pipecaladosnewanymarket;2024-09-20;Repasse Normal;-;499.9;28;104.98;394.92
TRILHA ESPORTE;2024-08-28;97099470904;pipecaladosnewanymarket;2024-09-20;Repasse Normal;-;499.9;28;104.98;394.92
TRILHA ESPORTE;2024-08-28;97099829501;pipecaladosnewanymarket;2024-09-20;Repasse Normal;-;499.9;67.89;104.98;394.92
TRILHA ESPORTE;2024-08-28;97100782201;pipecaladosnewanymarket;2024-09-20;Repasse Normal;-;499.9;32.76;104.98;394.92
TRILHA ESPORTE;2024-08-28;97100525301;pipecaladosnewanymarket;2024-09-20;Repasse Normal;-;299.9;26;62.98;236.92
TRILHA ESPORTE;2024-08-29;97101926302;pipecaladosnewanymarket;2024-09-20;Repasse Normal;-;499.9;50.95;104.98;394.92
TRILHA ESPORTE;2024-08-29;97101968703;pipecaladosnewanymarket;2024-09-20;Repasse Normal;-;1529.8;42.64;321.26;1208.54
TRILHA ESPORTE;2024-08-29;97101851501;pipecaladosnewanymarket;2024-09-20;Repasse Normal;-;299.9;26;62.98;236.92
TRILHA ESPORTE;2024-08-29;97101876501;pipecaladosnewanymarket;2024-09-20;Repasse Normal;-;339.9;31.16;71.38;268.52
TRILHA ESPORTE;2024-08-29;97102095501;pipecaladosnewanymarket;2024-09-20;Repasse Normal;-;399.9;21.13;83.98;315.92
TRILHA ESPORTE;2024-08-29;97102328301;pipecaladosnewanymarket;2024-09-20;Repasse Normal;-;299.9;30.76;62.98;236.92
TRILHA ESPORTE;2024-08-29;97102440001;pipecaladosnewanymarket;2024-09-20;Repasse Normal;-;999.9;37.76;209.98;789.92
TRILHA ESPORTE;2024-08-29;97102325701;pipecaladosnewanymarket;2024-09-20;Repasse Normal;-;499.9;50.95;104.98;394.92
TRILHA ESPORTE;2024-08-29;97102415001;pipecaladosnewanymarket;2024-09-20;Repasse Normal;-;399.9;31.76;83.98;315.92
TRILHA ESPORTE;2024-08-29;97102736601;pipecaladosnewanymarket;2024-09-20;Repasse Normal;-;299.9;30.76;62.98;236.92
TRILHA ESPORTE;2024-08-29;97103419801;pipecaladosnewanymarket;2024-09-20;Repasse Normal;-;1199.9;74.89;251.98;947.92
TRILHA ESPORTE;2024-08-29;97103325101;pipecaladosnewanymarket;2024-09-20;Repasse Normal;-;499.9;28;104.98;394.92
TRILHA ESPORTE;2024-08-29;97103474601;pipecaladosnewanymarket;2024-09-20;Repasse Normal;-;499.9;67.89;104.98;394.92
TRILHA ESPORTE;2024-08-29;97103397301;pipecaladosnewanymarket;2024-09-20;Repasse Normal;-;499.9;28;104.98;394.92
TRILHA ESPORTE;2024-08-29;97103541701;pipecaladosnewanymarket;2024-09-20;Repasse Normal;-;899.9;32;188.98;710.92
TRILHA ESPORTE;2024-08-29;97103678301;pipecaladosnewanymarket;2024-09-20;Repasse Normal;-;999.9;37.76;209.98;789.92
TRILHA ESPORTE;2024-08-29;97103756002;pipecaladosnewanymarket;2024-09-20;Repasse Normal;-;299.9;30.76;62.98;236.92
TRILHA ESPORTE;2024-08-29;97103851501;pipecaladosnewanymarket;2024-09-20;Repasse Normal;-;499.9;28;104.98;394.92
TRILHA ESPORTE;2024-08-29;97104165901;pipecaladosnewanymarket;2024-09-20;Repasse Normal;-;299.9;65.89;62.98;236.92
TRILHA ESPORTE;2024-08-29;97104233401;pipecaladosnewanymarket;2024-09-20;Repasse Normal;-;299.9;30.76;62.98;236.92
TRILHA ESPORTE;2024-08-30;97104854302;pipecaladosnewanymarket;2024-09-20;Repasse Normal;-;499.9;67.89;104.98;394.92
TRILHA ESPORTE;2024-08-30;97104998301;pipecaladosnewanymarket;2024-09-20;Repasse Normal;-;999.9;33;209.98;789.92
TRILHA ESPORTE;2024-08-30;97104934801;pipecaladosnewanymarket;2024-09-20;Repasse Normal;-;999.9;37.76;209.98;789.92
TRILHA ESPORTE;2024-08-30;97105079401;pipecaladosnewanymarket;2024-09-20;Repasse Normal;-;499.9;67.89;104.98;394.92
TRILHA ESPORTE;2024-08-30;97105148901;pipecaladosnewanymarket;2024-09-20;Repasse Normal;-;299.9;65.89;62.98;236.92
TRILHA ESPORTE;2024-08-30;97104818102;pipecaladosnewanymarket;2024-09-20;Repasse Normal;-;499.9;28;104.98;394.92
TRILHA ESPORTE;2024-08-30;97105050901;pipecaladosnewanymarket;2024-09-20;Repasse Normal;-;499.9;67.89;104.98;394.92
TRILHA ESPORTE;2024-08-30;97105356001;pipecaladosnewanymarket;2024-09-20;Repasse Normal;-;999.9;33;209.98;789.92
TRILHA ESPORTE;2024-08-30;97105246001;pipecaladosnewanymarket;2024-09-20;Repasse Normal;-;299.9;26;62.98;236.92
TRILHA ESPORTE;2024-08-30;97105318901;pipecaladosnewanymarket;2024-09-20;Repasse Normal;-;499.9;67.89;104.98;394.92
TRILHA ESPORTE;2024-08-30;97106104301;pipecaladosnewanymarket;2024-09-20;Repasse Normal;-;999.9;37.76;209.98;789.92
TRILHA ESPORTE;2024-08-30;97106148101;pipecaladosnewanymarket;2024-09-20;Repasse Normal;-;499.9;67.89;104.98;394.92
TRILHA ESPORTE;2024-08-30;97106333102;pipecaladosnewanymarket;2024-09-20;Repasse Normal;-;359.9;26.6;75.58;284.32
TRILHA ESPORTE;2024-08-30;97106244601;pipecaladosnewanymarket;2024-09-20;Repasse Normal;-;379.9;26.8;79.78;300.12
TRILHA ESPORTE;2024-08-30;97106304401;pipecaladosnewanymarket;2024-09-20;Repasse Normal;-;499.9;28;104.98;394.92
TRILHA ESPORTE;2024-08-30;97106581202;pipecaladosnewanymarket;2024-09-20;Repasse Normal;-;499.9;32.76;104.98;394.92
TRILHA ESPORTE;2024-08-30;97106345401;pipecaladosnewanymarket;2024-09-20;Repasse Normal;-;499.9;32.76;104.98;394.92
TRILHA ESPORTE;2024-08-30;97106435201;pipecaladosnewanymarket;2024-09-20;Repasse Normal;-;499.9;50.95;104.98;394.92
TRILHA ESPORTE;2024-08-30;97106260901;pipecaladosnewanymarket;2024-09-20;Repasse Normal;-;499.9;67.89;104.98;394.92
TRILHA ESPORTE;2024-08-30;97106405001;pipecaladosnewanymarket;2024-09-20;Repasse Normal;-;499.9;32.76;104.98;394.92
TRILHA ESPORTE;2024-08-30;97106545001;pipecaladosnewanymarket;2024-09-20;Repasse Normal;-;499.9;32.76;104.98;394.92
TRILHA ESPORTE;2024-08-30;97106271701;pipecaladosnewanymarket;2024-09-20;Repasse Normal;-;379.9;26.8;79.78;300.12
TRILHA ESPORTE;2024-08-30;97106835701;pipecaladosnewanymarket;2024-09-20;Repasse Normal;-;499.9;50.95;104.98;394.92
TRILHA ESPORTE;2024-08-30;97106950001;pipecaladosnewanymarket;2024-09-20;Repasse Normal;-;499.9;32.76;104.98;394.92
TRILHA ESPORTE;2024-08-30;97107269302;pipecaladosnewanymarket;2024-09-20;Repasse Normal;-;299.9;20.13;62.98;236.92
TRILHA ESPORTE;2024-08-30;97107544701;pipecaladosnewanymarket;2024-09-20;Repasse Normal;-;499.9;67.89;104.98;394.92
TRILHA ESPORTE;2024-08-31;97108056901;pipecaladosnewanymarket;2024-09-20;Repasse Normal;-;549.9;22.63;115.48;434.42
TRILHA ESPORTE;2024-08-31;97108144101;pipecaladosnewanymarket;2024-09-20;Repasse Normal;-;499.9;50.95;104.98;394.92
TRILHA ESPORTE;2024-08-31;97108274501;pipecaladosnewanymarket;2024-09-20;Repasse Normal;-;1199.9;57.95;251.98;947.92
TRILHA ESPORTE;2024-08-31;97108329601;pipecaladosnewanymarket;2024-09-20;Repasse Normal;-;499.9;32.76;104.98;394.92
TRILHA ESPORTE;2024-08-31;97108410101;pipecaladosnewanymarket;2024-09-20;Repasse Normal;-;499.9;22.13;104.98;394.92
TRILHA ESPORTE;2024-08-31;97108753802;pipecaladosnewanymarket;2024-09-20;Repasse Normal;-;499.9;67.89;104.98;394.92
TRILHA ESPORTE;2024-08-31;97108819701;pipecaladosnewanymarket;2024-09-20;Repasse Normal;-;499.9;32.76;104.98;394.92
TRILHA ESPORTE;2024-08-31;97108844501;pipecaladosnewanymarket;2024-09-20;Repasse Normal;-;499.9;28;104.98;394.92
TRILHA ESPORTE;2024-08-31;97109125301;pipecaladosnewanymarket;2024-09-20;Repasse Normal;-;499.9;67.89;104.98;394.92
TRILHA ESPORTE;2024-08-31;97108956401;pipecaladosnewanymarket;2024-09-20;Repasse Normal;-;499.9;28;104.98;394.92
TRILHA ESPORTE;2024-08-31;97109136102;pipecaladosnewanymarket;2024-09-20;Repasse Normal;-;499.9;67.89;104.98;394.92
TRILHA ESPORTE;2024-08-31;97109216701;pipecaladosnewanymarket;2024-09-20;Repasse Normal;-;399.9;27;83.98;315.92
TRILHA ESPORTE;2024-08-31;97109342201;pipecaladosnewanymarket;2024-09-20;Repasse Normal;-;1194.9;29.08;250.93;943.97
TRILHA ESPORTE;2024-08-31;97109642101;pipecaladosnewanymarket;2024-09-20;Repasse Normal;-;499.9;50.95;104.98;394.92
TRILHA ESPORTE;2024-08-31;97109687402;pipecaladosnewanymarket;2024-09-20;Repasse Normal;-;499.9;32.76;104.98;394.92
TRILHA ESPORTE;2024-08-31;97109681501;pipecaladosnewanymarket;2024-09-20;Repasse Normal;-;499.9;32.76;104.98;394.92
TRILHA ESPORTE;2024-08-31;97109770101;pipecaladosnewanymarket;2024-09-20;Repasse Normal;-;499.9;22.13;104.98;394.92
TRILHA ESPORTE;2024-08-31;97109831201;pipecaladosnewanymarket;2024-09-20;Repasse Normal;-;699.9;30;146.98;552.92
TRILHA ESPORTE;2024-08-31;97109944801;pipecaladosnewanymarket;2024-09-20;Repasse Normal;-;549.9;22.63;115.48;434.42
TRILHA ESPORTE;2024-08-31;97110054002;pipecaladosnewanymarket;2024-09-20;Repasse Normal;-;339.9;26.4;71.38;268.52
TRILHA ESPORTE;2024-08-31;97110092303;pipecaladosnewanymarket;2024-09-20;Repasse Normal;-;499.9;28;104.98;394.92
TRILHA ESPORTE;2024-08-31;97110240301;pipecaladosnewanymarket;2024-09-20;Repasse Normal;-;999.9;33;209.98;789.92
TRILHA ESPORTE;2024-08-31;97110269401;pipecaladosnewanymarket;2024-09-20;Repasse Normal;-;499.9;32.76;104.98;394.92
TRILHA ESPORTE;2024-08-31;97110376401;pipecaladosnewanymarket;2024-09-20;Repasse Normal;-;339.9;20.53;71.38;268.52
TRILHA ESPORTE;2024-09-01;97110631401;pipecaladosnewanymarket;2024-09-20;Repasse Normal;-;499.9;50.95;104.98;394.92
TRILHA ESPORTE;2024-09-01;97110665802;pipecaladosnewanymarket;2024-09-20;Repasse Normal;-;499.9;50.95;104.98;394.92
TRILHA ESPORTE;2024-09-01;97110712101;pipecaladosnewanymarket;2024-09-20;Repasse Normal;-;899.9;32;188.98;710.92
TRILHA ESPORTE;2024-09-01;97111057101;pipecaladosnewanymarket;2024-09-20;Repasse Normal;-;499.9;28;104.98;394.92
TRILHA ESPORTE;2024-09-01;97111110802;pipecaladosnewanymarket;2024-09-20;Repasse Normal;-;699.9;30;146.98;552.92
TRILHA ESPORTE;2024-09-01;97111154801;pipecaladosnewanymarket;2024-09-20;Repasse Normal;-;1199.9;35;251.98;947.92
TRILHA ESPORTE;2024-09-01;97111252901;pipecaladosnewanymarket;2024-09-20;Repasse Normal;-;329.9;20.43;69.28;260.62
TRILHA ESPORTE;2024-09-01;97111356301;pipecaladosnewanymarket;2024-09-20;Repasse Normal;-;499.9;32.76;104.98;394.92
TRILHA ESPORTE;2024-09-01;97111381201;pipecaladosnewanymarket;2024-09-20;Repasse Normal;-;499.9;32.76;104.98;394.92
TRILHA ESPORTE;2024-09-01;97111417002;pipecaladosnewanymarket;2024-09-20;Repasse Normal;-;354.9;20.68;74.53;280.37
TRILHA ESPORTE;2024-09-01;97111304201;pipecaladosnewanymarket;2024-09-20;Repasse Normal;-;499.9;28;104.98;394.92
TRILHA ESPORTE;2024-09-01;97111595201;pipecaladosnewanymarket;2024-09-20;Repasse Normal;-;549.9;28.5;115.48;434.42
TRILHA ESPORTE;2024-09-01;97111668702;pipecaladosnewanymarket;2024-09-20;Repasse Normal;-;299.9;48.95;62.98;236.92
TRILHA ESPORTE;2024-09-01;97111676102;pipecaladosnewanymarket;2024-09-20;Repasse Normal;-;499.9;50.95;104.98;394.92
TRILHA ESPORTE;2024-09-01;97111750501;pipecaladosnewanymarket;2024-09-20;Repasse Normal;-;749.9;70.39;157.48;592.42
TRILHA ESPORTE;2024-09-01;97111817101;pipecaladosnewanymarket;2024-09-20;Repasse Normal;-;499.9;32.76;104.98;394.92
TRILHA ESPORTE;2024-09-01;97111704001;pipecaladosnewanymarket;2024-09-20;Repasse Normal;-;499.9;22.13;104.98;394.92
TRILHA ESPORTE;2024-09-01;97111803601;pipecaladosnewanymarket;2024-09-20;Repasse Normal;-;499.9;67.89;104.98;394.92
TRILHA ESPORTE;2024-09-01;97112225101;pipecaladosnewanymarket;2024-09-20;Repasse Normal;-;299.9;26;62.98;236.92
TRILHA ESPORTE;2024-09-01;97112277901;pipecaladosnewanymarket;2024-09-20;Repasse Normal;-;499.9;22.13;104.98;394.92
TRILHA ESPORTE;2024-09-01;97112364601;pipecaladosnewanymarket;2024-09-20;Repasse Normal;-;499.9;67.89;104.98;394.92
TRILHA ESPORTE;2024-09-01;97112449701;pipecaladosnewanymarket;2024-09-20;Repasse Normal;-;499.9;50.95;104.98;394.92
TRILHA ESPORTE;2024-09-01;97112651701;pipecaladosnewanymarket;2024-09-20;Repasse Normal;-;499.9;32.76;104.98;394.92
TRILHA ESPORTE;2024-09-01;97112676002;pipecaladosnewanymarket;2024-09-20;Repasse Normal;-;699.9;34.76;146.98;552.92
TRILHA ESPORTE;2024-09-01;97112822702;pipecaladosnewanymarket;2024-09-20;Repasse Normal;-;499.9;28;104.98;394.92
TRILHA ESPORTE;2024-09-01;97113002503;pipecaladosnewanymarket;2024-09-20;Repasse Normal;-;379.9;26.8;79.78;300.12
TRILHA ESPORTE;2024-09-01;97113391302;pipecaladosnewanymarket;2024-09-20;Repasse Normal;-;297.9;25.98;62.56;235.34
TRILHA ESPORTE;2024-09-01;97113323801;pipecaladosnewanymarket;2024-09-20;Repasse Normal;-;499.9;32.76;104.98;394.92
TRILHA ESPORTE;2024-09-01;97113399001;pipecaladosnewanymarket;2024-09-20;Repasse Normal;-;499.9;28;104.98;394.92
TRILHA ESPORTE;2024-09-01;97113482401;pipecaladosnewanymarket;2024-09-20;Repasse Normal;-;499.9;32.76;104.98;394.92
TRILHA ESPORTE;2024-09-02;97113796101;pipecaladosnewanymarket;2024-09-20;Repasse Normal;-;499.9;67.89;104.98;394.92
TRILHA ESPORTE;2024-09-02;97114260801;pipecaladosnewanymarket;2024-09-20;Repasse Normal;-;999.9;33;209.98;789.92
TRILHA ESPORTE;2024-09-02;97114445401;pipecaladosnewanymarket;2024-09-20;Repasse Normal;-;499.9;32.76;104.98;394.92
TRILHA ESPORTE;2024-09-02;97114706901;pipecaladosnewanymarket;2024-09-20;Repasse Normal;-;497.9;67.87;104.56;393.34
TRILHA ESPORTE;2024-09-02;97114840201;pipecaladosnewanymarket;2024-09-20;Repasse Normal;-;749.9;53.45;157.48;592.42
TRILHA ESPORTE;2024-09-02;97115203102;pipecaladosnewanymarket;2024-09-20;Repasse Normal;-;499.9;32.76;104.98;394.92
TRILHA ESPORTE;2024-09-02;97115180201;pipecaladosnewanymarket;2024-09-20;Repasse Normal;-;499.9;32.76;104.98;394.92
TRILHA ESPORTE;2024-09-02;97115456501;pipecaladosnewanymarket;2024-09-20;Repasse Normal;-;299.9;26;62.98;236.92
TRILHA ESPORTE;2024-09-02;97115352901;pipecaladosnewanymarket;2024-09-20;Repasse Normal;-;379.9;20.93;79.78;300.12
TRILHA ESPORTE;2024-09-02;97115893801;pipecaladosnewanymarket;2024-09-20;Repasse Normal;-;499.9;28;104.98;394.92
TRILHA ESPORTE;2024-09-02;97115863901;pipecaladosnewanymarket;2024-09-20;Repasse Normal;-;499.9;67.89;104.98;394.92
TRILHA ESPORTE;2024-09-02;97115817201;pipecaladosnewanymarket;2024-09-20;Repasse Normal;-;499.9;32.76;104.98;394.92
TRILHA ESPORTE;2024-09-02;97115997101;pipecaladosnewanymarket;2024-09-20;Repasse Normal;-;599.9;23.13;125.98;473.92
TRILHA ESPORTE;2024-09-02;97116125001;pipecaladosnewanymarket;2024-09-20;Repasse Normal;-;299.9;30.76;62.98;236.92
TRILHA ESPORTE;2024-09-02;97116501601;pipecaladosnewanymarket;2024-09-20;Repasse Normal;-;1199.9;74.89;251.98;947.92
TRILHA ESPORTE;2024-09-02;97116613501;pipecaladosnewanymarket;2024-09-20;Repasse Normal;-;499.9;67.89;104.98;394.92
TRILHA ESPORTE;2024-09-02;97116662701;pipecaladosnewanymarket;2024-09-20;Repasse Normal;-;299.9;20.13;62.98;236.92
TRILHA ESPORTE;2024-09-02;97116878501;pipecaladosnewanymarket;2024-09-20;Repasse Normal;-;299.9;20.13;62.98;236.92
TRILHA ESPORTE;2024-09-02;97117175401;pipecaladosnewanymarket;2024-09-20;Repasse Normal;-;499.9;28;104.98;394.92
TRILHA ESPORTE;2024-09-03;97117236901;pipecaladosnewanymarket;2024-09-20;Repasse Normal;-;1999.9;43;419.98;1579.92
TRILHA ESPORTE;2024-09-03;97117536702;pipecaladosnewanymarket;2024-09-20;Repasse Normal;-;499.9;28;104.98;394.92
TRILHA ESPORTE;2024-09-03;97117766501;pipecaladosnewanymarket;2024-09-20;Repasse Normal;-;238.9;25.39;50.17;188.73
TRILHA ESPORTE;2024-09-03;97117940501;pipecaladosnewanymarket;2024-09-20;Repasse Normal;-;699.9;30;146.98;552.92
TRILHA ESPORTE;2024-09-03;97118032904;pipecaladosnewanymarket;2024-09-20;Repasse Normal;-;999.8;37.34;209.96;789.84
TRILHA ESPORTE;2024-09-03;97118199001;pipecaladosnewanymarket;2024-09-20;Repasse Normal;-;499.9;32.76;104.98;394.92
TRILHA ESPORTE;2024-09-03;97118448201;pipecaladosnewanymarket;2024-09-20;Repasse Normal;-;449.9;32.26;94.48;355.42
TRILHA ESPORTE;2024-09-03;97118467301;pipecaladosnewanymarket;2024-09-20;Repasse Normal;-;499.9;32.76;104.98;394.92
TRILHA ESPORTE;2024-09-03;97118529801;pipecaladosnewanymarket;2024-09-20;Repasse Normal;-;299.9;26;62.98;236.92
TRILHA ESPORTE;2024-09-03;97118392601;pipecaladosnewanymarket;2024-09-20;Repasse Normal;-;299.9;26;62.98;236.92
TRILHA ESPORTE;2024-09-03;97118568001;pipecaladosnewanymarket;2024-09-20;Repasse Normal;-;329.9;26.3;69.28;260.62
TRILHA ESPORTE;2024-09-03;97118879801;pipecaladosnewanymarket;2024-09-20;Repasse Normal;-;499.9;67.89;104.98;394.92
TRILHA ESPORTE;2024-09-03;97118926301;pipecaladosnewanymarket;2024-09-20;Repasse Normal;-;199.9;25;41.98;157.92
TRILHA ESPORTE;2024-09-03;97119029801;pipecaladosnewanymarket;2024-09-20;Repasse Normal;-;499.9;28;104.98;394.92
TRILHA ESPORTE;2024-09-03;97119130701;pipecaladosnewanymarket;2024-09-20;Repasse Normal;-;1049.9;73.39;220.48;829.42
TRILHA ESPORTE;2024-09-03;97119281101;pipecaladosnewanymarket;2024-09-20;Repasse Normal;-;499.9;28;104.98;394.92
TRILHA ESPORTE;2024-09-03;97119261802;pipecaladosnewanymarket;2024-09-20;Repasse Normal;-;499.9;50.95;104.98;394.92
TRILHA ESPORTE;2024-09-03;97119398101;pipecaladosnewanymarket;2024-09-20;Repasse Normal;-;249.9;63.43;52.48;197.42
TRILHA ESPORTE;2024-09-03;97119293801;pipecaladosnewanymarket;2024-09-20;Repasse Normal;-;699.9;30;146.98;552.92
TRILHA ESPORTE;2024-09-03;97119551102;pipecaladosnewanymarket;2024-09-20;Repasse Normal;-;369.9;66.59;77.68;292.22
TRILHA ESPORTE;2024-09-03;97119512002;pipecaladosnewanymarket;2024-09-20;Repasse Normal;-;499.9;28;104.98;394.92
TRILHA ESPORTE;2024-09-03;97119613801;pipecaladosnewanymarket;2024-09-20;Repasse Normal;-;499.9;22.13;104.98;394.92
TRILHA ESPORTE;2024-09-03;97119954301;pipecaladosnewanymarket;2024-09-20;Repasse Normal;-;499.9;67.89;104.98;394.92
TRILHA ESPORTE;2024-09-03;97120107301;pipecaladosnewanymarket;2024-09-20;Repasse Normal;-;497.9;32.74;104.56;393.34
TRILHA ESPORTE;2024-09-03;97120219101;pipecaladosnewanymarket;2024-09-20;Repasse Normal;-;499.9;67.89;104.98;394.92
TRILHA ESPORTE;2024-09-03;97119224202;pipecaladosnewanymarket;2024-09-20;Repasse Normal;-;499.9;22.13;104.98;394.92
TRILHA ESPORTE;2024-09-03;97120287101;pipecaladosnewanymarket;2024-09-20;Repasse Normal;-;1049.9;27.63;220.48;829.42
TRILHA ESPORTE;2024-09-03;97120561001;pipecaladosnewanymarket;2024-09-20;Repasse Normal;-;499.9;32.76;104.98;394.92
TRILHA ESPORTE;2024-09-03;97120571101;pipecaladosnewanymarket;2024-09-20;Repasse Normal;-;589.9;28.9;123.88;466.02
TRILHA ESPORTE;2024-09-03;97120640401;pipecaladosnewanymarket;2024-09-20;Repasse Normal;-;549.9;51.45;115.48;434.42
TRILHA ESPORTE;2024-09-04;97121763401;pipecaladosnewanymarket;2024-09-20;Repasse Normal;-;499.9;28;104.98;394.92
TRILHA ESPORTE;2024-09-04;97121841801;pipecaladosnewanymarket;2024-09-20;Repasse Normal;-;499.9;28;104.98;394.92
TRILHA ESPORTE;2024-09-04;97122154801;pipecaladosnewanymarket;2024-09-20;Repasse Normal;-;799.9;53.95;167.98;631.92
TRILHA ESPORTE;2024-09-04;97122370403;pipecaladosnewanymarket;2024-09-20;Repasse Normal;-;299.9;26;62.98;236.92
TRILHA ESPORTE;2024-09-03;97120273603;pipecaladosnewanymarket;2024-09-20;Repasse Normal;-;499.9;32.76;104.98;394.92
TRILHA ESPORTE;2024-09-04;97122629001;pipecaladosnewanymarket;2024-09-20;Repasse Normal;-;499.9;67.89;104.98;394.92
TRILHA ESPORTE;2024-09-04;97122790901;pipecaladosnewanymarket;2024-09-20;Repasse Normal;-;299.9;26;62.98;236.92
TRILHA ESPORTE;2024-09-04;97123266901;pipecaladosnewanymarket;2024-09-20;Repasse Normal;-;339.9;66.29;71.38;268.52
TRILHA ESPORTE;2024-09-04;97123131903;pipecaladosnewanymarket;2024-09-20;Repasse Normal;-;699.9;30;146.98;552.92
TRILHA ESPORTE;2024-09-04;97123304001;pipecaladosnewanymarket;2024-09-20;Repasse Normal;-;499.9;28;104.98;394.92
TRILHA ESPORTE;2024-09-04;97123808101;pipecaladosnewanymarket;2024-09-20;Repasse Normal;-;1199.9;35;251.98;947.92
TRILHA ESPORTE;2024-09-04;97124441201;pipecaladosnewanymarket;2024-09-20;Repasse Normal;-;499.9;32.76;104.98;394.92
TRILHA ESPORTE;2024-09-04;97124379302;pipecaladosnewanymarket;2024-09-20;Repasse Normal;-;299.9;30.76;62.98;236.92
TRILHA ESPORTE;2024-09-04;97125070002;pipecaladosnewanymarket;2024-09-20;Repasse Normal;-;699.9;34.76;146.98;552.92
TRILHA ESPORTE;2024-09-04;97121743501;pipecaladosnewanymarket;2024-09-20;Repasse Normal;-;299.9;26;62.98;236.92
TRILHA ESPORTE;2024-09-05;97125689801;pipecaladosnewanymarket;2024-09-20;Repasse Normal;-;499.9;67.89;104.98;394.92
TRILHA ESPORTE;2024-09-05;97126103101;pipecaladosnewanymarket;2024-09-20;Repasse Normal;-;399.9;31.76;83.98;315.92
TRILHA ESPORTE;2024-09-05;97125946301;pipecaladosnewanymarket;2024-09-20;Repasse Normal;-;699.9;24.13;146.98;552.92
TRILHA ESPORTE;2024-09-05;97125927001;pipecaladosnewanymarket;2024-09-20;Repasse Normal;-;499.9;32.76;104.98;394.92
TRILHA ESPORTE;2024-09-05;97125733901;pipecaladosnewanymarket;2024-09-20;Repasse Normal;-;499.9;32.76;104.98;394.92
TRILHA ESPORTE;2024-09-05;97126179701;pipecaladosnewanymarket;2024-09-20;Repasse Normal;-;299.9;30.76;62.98;236.92
TRILHA ESPORTE;2024-09-05;97126163402;pipecaladosnewanymarket;2024-09-20;Repasse Normal;-;499.9;32.76;104.98;394.92
TRILHA ESPORTE;2024-09-05;97126472401;pipecaladosnewanymarket;2024-09-20;Repasse Normal;-;339.9;20.53;71.38;268.52
TRILHA ESPORTE;2024-09-05;97126696702;pipecaladosnewanymarket;2024-09-20;Repasse Normal;-;499.9;32.76;104.98;394.92
TRILHA ESPORTE;2024-09-05;97126789001;pipecaladosnewanymarket;2024-09-20;Repasse Normal;-;499.9;22.13;104.98;394.92
TRILHA ESPORTE;2024-09-05;97127088801;pipecaladosnewanymarket;2024-09-20;Repasse Normal;-;499.9;28;104.98;394.92
TRILHA ESPORTE;2024-09-05;97127067101;pipecaladosnewanymarket;2024-09-20;Repasse Normal;-;499.9;28;104.98;394.92
TRILHA ESPORTE;2024-09-05;97126922901;pipecaladosnewanymarket;2024-09-20;Repasse Normal;-;499.9;28;104.98;394.92
TRILHA ESPORTE;2024-09-05;97126972701;pipecaladosnewanymarket;2024-09-20;Repasse Normal;-;499.9;28;104.98;394.92
TRILHA ESPORTE;2024-09-05;97127359701;pipecaladosnewanymarket;2024-09-20;Repasse Normal;-;499.9;28;104.98;394.92
TRILHA ESPORTE;2024-09-05;97127255101;pipecaladosnewanymarket;2024-09-20;Repasse Normal;-;299.9;26;62.98;236.92
TRILHA ESPORTE;2024-09-05;97128125001;pipecaladosnewanymarket;2024-09-20;Repasse Normal;-;749.9;30.5;157.48;592.42
TRILHA ESPORTE;2024-09-05;97128252101;pipecaladosnewanymarket;2024-09-20;Repasse Normal;-;339.9;26.4;71.38;268.52
TRILHA ESPORTE;2024-09-05;97128467201;pipecaladosnewanymarket;2024-09-20;Repasse Normal;-;499.9;32.76;104.98;394.92
TRILHA ESPORTE;2024-09-05;97128409801;pipecaladosnewanymarket;2024-09-20;Repasse Normal;-;699.9;34.76;146.98;552.92
TRILHA ESPORTE;2024-09-05;97128676801;pipecaladosnewanymarket;2024-09-20;Repasse Normal;-;499.9;28;104.98;394.92
TRILHA ESPORTE;2024-09-05;97128924802;pipecaladosnewanymarket;2024-09-20;Repasse Normal;-;749.9;35.26;157.48;592.42
TRILHA ESPORTE;2024-09-04;97123446901;pipecaladosnewanymarket;2024-09-20;Repasse Normal;-;1199.9;35;251.98;947.92
TRILHA ESPORTE;2024-09-05;97129474901;pipecaladosnewanymarket;2024-09-20;Repasse Normal;-;299.9;20.13;62.98;236.92
TRILHA ESPORTE;2024-09-04;97123738101;pipecaladosnewanymarket;2024-09-20;Repasse Normal;-;799.9;25.13;167.98;631.92
TRILHA ESPORTE;2024-09-05;97129574102;pipecaladosnewanymarket;2024-09-20;Repasse Normal;-;999.79;78.21;209.96;789.83
TRILHA ESPORTE;2024-09-06;97129931101;pipecaladosnewanymarket;2024-09-20;Repasse Normal;-;399.9;49.95;83.98;315.92
TRILHA ESPORTE;2024-09-05;97129633401;pipecaladosnewanymarket;2024-09-20;Repasse Normal;-;499.9;67.89;104.98;394.92
TRILHA ESPORTE;2024-09-06;97130075004;pipecaladosnewanymarket;2024-09-20;Repasse Normal;-;1049.9;33.5;220.48;829.42
TRILHA ESPORTE;2024-09-06;97130155001;pipecaladosnewanymarket;2024-09-20;Repasse Normal;-;238.9;25.39;50.17;188.73
TRILHA ESPORTE;2024-09-06;97130392801;pipecaladosnewanymarket;2024-09-20;Repasse Normal;-;499.9;32.76;104.98;394.92
TRILHA ESPORTE;2024-09-04;97124483201;pipecaladosnewanymarket;2024-09-20;Repasse Normal;-;299.9;30.76;62.98;236.92
TRILHA ESPORTE;2024-09-06;97130479501;pipecaladosnewanymarket;2024-09-20;Repasse Normal;-;499.9;32.76;104.98;394.92
TRILHA ESPORTE;2024-09-06;97130619901;pipecaladosnewanymarket;2024-09-20;Repasse Normal;-;499.9;28;104.98;394.92
TRILHA ESPORTE;2024-09-06;97130590101;pipecaladosnewanymarket;2024-09-20;Repasse Normal;-;499.9;22.13;104.98;394.92
TRILHA ESPORTE;2024-09-06;97130725501;pipecaladosnewanymarket;2024-09-20;Repasse Normal;-;499.9;67.89;104.98;394.92
TRILHA ESPORTE;2024-09-06;97130981702;pipecaladosnewanymarket;2024-09-20;Repasse Normal;-;499.9;28;104.98;394.92
TRILHA ESPORTE;2024-09-06;97131032101;pipecaladosnewanymarket;2024-09-20;Repasse Normal;-;499.9;28;104.98;394.92
TRILHA ESPORTE;2024-09-06;97131157201;pipecaladosnewanymarket;2024-09-20;Repasse Normal;-;499.9;50.95;104.98;394.92
TRILHA ESPORTE;2024-09-06;97131195102;pipecaladosnewanymarket;2024-09-20;Repasse Normal;-;499.9;67.89;104.98;394.92
TRILHA ESPORTE;2024-09-06;97131521501;pipecaladosnewanymarket;2024-09-20;Repasse Normal;-;499.9;28;104.98;394.92
TRILHA ESPORTE;2024-09-06;97131824701;pipecaladosnewanymarket;2024-09-20;Repasse Normal;-;499.9;28;104.98;394.92
TRILHA ESPORTE;2024-09-06;97131725001;pipecaladosnewanymarket;2024-09-20;Repasse Normal;-;499.9;50.95;104.98;394.92
TRILHA ESPORTE;2024-09-06;97131940801;pipecaladosnewanymarket;2024-09-20;Repasse Normal;-;999.9;33;209.98;789.92
TRILHA ESPORTE;2024-09-04;97125441704;pipecaladosnewanymarket;2024-09-20;Repasse Normal;-;799.9;35.76;167.98;631.92
TRILHA ESPORTE;2024-09-06;97132134802;pipecaladosnewanymarket;2024-09-20;Repasse Normal;-;299.9;30.76;62.98;236.92
TRILHA ESPORTE;2024-09-06;97132392401;pipecaladosnewanymarket;2024-09-20;Repasse Normal;-;499.9;67.89;104.98;394.92
TRILHA ESPORTE;2024-09-06;97132446201;pipecaladosnewanymarket;2024-09-20;Repasse Normal;-;499.9;22.13;104.98;394.92
TRILHA ESPORTE;2024-09-06;97132819101;pipecaladosnewanymarket;2024-09-20;Repasse Normal;-;589.9;28.9;123.88;466.02
TRILHA ESPORTE;2024-09-06;97133252301;pipecaladosnewanymarket;2024-09-20;Repasse Normal;-;379.9;31.56;79.78;300.12
TRILHA ESPORTE;2024-09-06;97133268001;pipecaladosnewanymarket;2024-09-20;Repasse Normal;-;299.9;30.76;62.98;236.92
TRILHA ESPORTE;2024-09-06;97133137901;pipecaladosnewanymarket;2024-09-20;Repasse Normal;-;749.9;70.39;157.48;592.42
TRILHA ESPORTE;2024-09-07;97133540302;pipecaladosnewanymarket;2024-09-20;Repasse Normal;-;339.9;26.4;71.38;268.52
TRILHA ESPORTE;2024-09-07;97133780701;pipecaladosnewanymarket;2024-09-20;Repasse Normal;-;499.9;50.95;104.98;394.92
TRILHA ESPORTE;2024-09-07;97133875902;pipecaladosnewanymarket;2024-09-20;Repasse Normal;-;499.9;28;104.98;394.92
TRILHA ESPORTE;2024-09-07;97134520501;pipecaladosnewanymarket;2024-09-20;Repasse Normal;-;499.9;32.76;104.98;394.92
TRILHA ESPORTE;2024-09-07;97134621701;pipecaladosnewanymarket;2024-09-20;Repasse Normal;-;999.9;37.76;209.98;789.92
TRILHA ESPORTE;2024-09-07;97134643301;pipecaladosnewanymarket;2024-09-20;Repasse Normal;-;999.9;33;209.98;789.92
TRILHA ESPORTE;2024-09-07;97134694801;pipecaladosnewanymarket;2024-09-20;Repasse Normal;-;799.9;53.95;167.98;631.92
TRILHA ESPORTE;2024-09-07;97135015002;pipecaladosnewanymarket;2024-09-20;Repasse Normal;-;339.9;26.4;71.38;268.52
TRILHA ESPORTE;2024-09-07;97135107901;pipecaladosnewanymarket;2024-09-20;Repasse Normal;-;499.9;67.89;104.98;394.92
TRILHA ESPORTE;2024-09-07;97135188601;pipecaladosnewanymarket;2024-09-20;Repasse Normal;-;499.9;67.89;104.98;394.92
TRILHA ESPORTE;2024-09-05;97127387301;pipecaladosnewanymarket;2024-09-20;Repasse Normal;-;499.9;32.76;104.98;394.92
TRILHA ESPORTE;2024-09-07;97135582401;pipecaladosnewanymarket;2024-09-20;Repasse Normal;-;399.9;31.76;83.98;315.92
TRILHA ESPORTE;2024-09-07;97135606001;pipecaladosnewanymarket;2024-09-20;Repasse Normal;-;499.9;67.89;104.98;394.92
TRILHA ESPORTE;2024-09-07;97136032201;pipecaladosnewanymarket;2024-09-20;Repasse Normal;-;499.9;67.89;104.98;394.92
TRILHA ESPORTE;2024-09-07;97136251001;pipecaladosnewanymarket;2024-09-20;Repasse Normal;-;299.9;26;62.98;236.92
TRILHA ESPORTE;2024-09-08;97136833501;pipecaladosnewanymarket;2024-09-20;Repasse Normal;-;499.9;28;104.98;394.92
TRILHA ESPORTE;2024-09-07;97136620602;pipecaladosnewanymarket;2024-09-20;Repasse Normal;-;379.9;49.75;79.78;300.12
TRILHA ESPORTE;2024-09-08;97137015201;pipecaladosnewanymarket;2024-09-20;Repasse Normal;-;499.9;67.89;104.98;394.92
TRILHA ESPORTE;2024-09-08;97137371203;pipecaladosnewanymarket;2024-09-20;Repasse Normal;-;339.9;26.4;71.38;268.52
TRILHA ESPORTE;2024-09-08;97137476004;pipecaladosnewanymarket;2024-09-20;Repasse Normal;-;339.9;66.29;71.38;268.52
TRILHA ESPORTE;2024-09-08;97137274702;pipecaladosnewanymarket;2024-09-20;Repasse Normal;-;899.9;26.13;188.98;710.92
TRILHA ESPORTE;2024-09-08;97137449403;pipecaladosnewanymarket;2024-09-20;Repasse Normal;-;339.9;66.29;71.38;268.52
TRILHA ESPORTE;2024-09-08;97137842301;pipecaladosnewanymarket;2024-09-20;Repasse Normal;-;499.9;22.13;104.98;394.92
TRILHA ESPORTE;2024-09-08;97138087901;pipecaladosnewanymarket;2024-09-20;Repasse Normal;-;999.9;37.76;209.98;789.92
TRILHA ESPORTE;2024-09-08;97138579002;pipecaladosnewanymarket;2024-09-20;Repasse Normal;-;499.9;67.89;104.98;394.92
TRILHA ESPORTE;2024-09-08;97139064902;pipecaladosnewanymarket;2024-09-20;Repasse Normal;-;299.9;20.13;62.98;236.92
TRILHA ESPORTE;2024-09-08;97139325401;pipecaladosnewanymarket;2024-09-20;Repasse Normal;-;499.9;32.76;104.98;394.92
TRILHA ESPORTE;2024-09-08;97139492301;pipecaladosnewanymarket;2024-09-20;Repasse Normal;-;499.9;32.76;104.98;394.92
TRILHA ESPORTE;2024-09-08;97139601901;pipecaladosnewanymarket;2024-09-20;Repasse Normal;-;499.9;28;104.98;394.92
TRILHA ESPORTE;2024-09-08;97139822501;pipecaladosnewanymarket;2024-09-20;Repasse Normal;-;499.9;22.13;104.98;394.92
TRILHA ESPORTE;2024-09-08;97140286901;pipecaladosnewanymarket;2024-09-20;Repasse Normal;-;797.9;35.74;167.56;630.34
TRILHA ESPORTE;2024-09-09;97140532102;pipecaladosnewanymarket;2024-09-20;Repasse Normal;-;699.9;30;146.98;552.92
TRILHA ESPORTE;2024-09-09;97140537802;pipecaladosnewanymarket;2024-09-20;Repasse Normal;-;349.9;66.39;73.48;276.42
TRILHA ESPORTE;2024-09-06;97131562201;pipecaladosnewanymarket;2024-09-20;Repasse Normal;-;499.9;22.13;104.98;394.92
TRILHA ESPORTE;2024-09-09;97141060201;pipecaladosnewanymarket;2024-09-20;Repasse Normal;-;499.9;28;104.98;394.92
TRILHA ESPORTE;2024-09-09;97141066701;pipecaladosnewanymarket;2024-09-20;Repasse Normal;-;499.9;67.89;104.98;394.92
TRILHA ESPORTE;2024-09-06;97131914801;pipecaladosnewanymarket;2024-09-20;Repasse Normal;-;499.9;50.95;104.98;394.92
TRILHA ESPORTE;2024-09-06;97131973301;pipecaladosnewanymarket;2024-09-20;Repasse Normal;-;339.9;26.4;71.38;268.52
TRILHA ESPORTE;2024-09-06;97132145201;pipecaladosnewanymarket;2024-09-20;Repasse Normal;-;499.9;28;104.98;394.92
TRILHA ESPORTE;2024-09-09;97141788202;pipecaladosnewanymarket;2024-09-20;Repasse Normal;-;579.9;33.56;121.78;458.12
TRILHA ESPORTE;2024-09-09;97141963801;pipecaladosnewanymarket;2024-09-20;Repasse Normal;-;499.9;22.13;104.98;394.92
TRILHA ESPORTE;2024-09-06;97132402001;pipecaladosnewanymarket;2024-09-20;Repasse Normal;-;299.9;26;62.98;236.92
TRILHA ESPORTE;2024-09-09;97142303301;pipecaladosnewanymarket;2024-09-20;Repasse Normal;-;1049.9;33.5;220.48;829.42
TRILHA ESPORTE;2024-09-09;97142361701;pipecaladosnewanymarket;2024-09-20;Repasse Normal;-;499.9;67.89;104.98;394.92
TRILHA ESPORTE;2024-09-09;97142230101;pipecaladosnewanymarket;2024-09-20;Repasse Normal;-;379.9;66.69;79.78;300.12
TRILHA ESPORTE;2024-09-09;97142591601;pipecaladosnewanymarket;2024-09-20;Repasse Normal;-;499.9;28;104.98;394.92
TRILHA ESPORTE;2024-09-09;97142674301;pipecaladosnewanymarket;2024-09-20;Repasse Normal;-;299.9;65.89;62.98;236.92
TRILHA ESPORTE;2024-09-09;97142698403;pipecaladosnewanymarket;2024-09-20;Repasse Normal;-;1199.9;74.89;251.98;947.92
TRILHA ESPORTE;2024-09-09;97143038101;pipecaladosnewanymarket;2024-09-20;Repasse Normal;-;499.9;22.13;104.98;394.92
TRILHA ESPORTE;2024-09-09;97143222902;pipecaladosnewanymarket;2024-09-20;Repasse Normal;-;499.9;67.89;104.98;394.92
TRILHA ESPORTE;2024-09-09;97143418801;pipecaladosnewanymarket;2024-09-20;Repasse Normal;-;499.9;28;104.98;394.92
TRILHA ESPORTE;2024-09-09;97143429501;pipecaladosnewanymarket;2024-09-20;Repasse Normal;-;797.9;35.74;167.56;630.34
TRILHA ESPORTE;2024-09-09;97143851101;pipecaladosnewanymarket;2024-09-20;Repasse Normal;-;299.9;30.76;62.98;236.92
TRILHA ESPORTE;2024-09-09;97143347301;pipecaladosnewanymarket;2024-09-20;Repasse Normal;-;369.9;26.7;77.68;292.22
TRILHA ESPORTE;2024-09-09;97143996501;pipecaladosnewanymarket;2024-09-20;Repasse Normal;-;499.9;32.76;104.98;394.92
TRILHA ESPORTE;2024-09-09;97144083801;pipecaladosnewanymarket;2024-09-20;Repasse Normal;-;499.9;67.89;104.98;394.92
TRILHA ESPORTE;2024-09-09;97143910302;pipecaladosnewanymarket;2024-09-20;Repasse Normal;-;299.9;30.76;62.98;236.92
TRILHA ESPORTE;2024-09-10;97144625901;pipecaladosnewanymarket;2024-09-20;Repasse Normal;-;499.9;28;104.98;394.92
TRILHA ESPORTE;2024-09-10;97144453901;pipecaladosnewanymarket;2024-09-20;Repasse Normal;-;429.9;27.3;90.28;339.62
TRILHA ESPORTE;2024-09-10;97144891902;pipecaladosnewanymarket;2024-09-20;Repasse Normal;-;499.9;28;104.98;394.92
TRILHA ESPORTE;2024-09-10;97144684301;pipecaladosnewanymarket;2024-09-20;Repasse Normal;-;299.9;30.76;62.98;236.92
TRILHA ESPORTE;2024-09-10;97144871601;pipecaladosnewanymarket;2024-09-20;Repasse Normal;-;379.9;26.8;79.78;300.12
TRILHA ESPORTE;2024-09-07;97134721701;pipecaladosnewanymarket;2024-09-20;Repasse Normal;-;299.9;26;62.98;236.92
TRILHA ESPORTE;2024-09-10;97145588801;pipecaladosnewanymarket;2024-09-20;Repasse Normal;-;499.9;67.89;104.98;394.92
TRILHA ESPORTE;2024-09-10;97145606801;pipecaladosnewanymarket;2024-09-20;Repasse Normal;-;599.9;33.76;125.98;473.92
TRILHA ESPORTE;2024-09-10;97146444401;pipecaladosnewanymarket;2024-09-20;Repasse Normal;-;399.9;49.95;83.98;315.92
TRILHA ESPORTE;2024-09-10;97146689001;pipecaladosnewanymarket;2024-09-20;Repasse Normal;-;499.9;32.76;104.98;394.92
TRILHA ESPORTE;2024-09-10;97146856401;pipecaladosnewanymarket;2024-09-20;Repasse Normal;-;499.9;50.95;104.98;394.92
TRILHA ESPORTE;2024-09-10;97146944601;pipecaladosnewanymarket;2024-09-20;Repasse Normal;-;899.9;36.76;188.98;710.92
TRILHA ESPORTE;2024-09-10;97146978401;pipecaladosnewanymarket;2024-09-20;Repasse Normal;-;299.9;26;62.98;236.92
TRILHA ESPORTE;2024-09-10;97147343301;pipecaladosnewanymarket;2024-09-20;Repasse Normal;-;499.9;22.13;104.98;394.92
TRILHA ESPORTE;2024-09-10;97147367801;pipecaladosnewanymarket;2024-09-20;Repasse Normal;-;949.9;72.39;199.48;750.42
TRILHA ESPORTE;2024-09-10;97147958301;pipecaladosnewanymarket;2024-09-20;Repasse Normal;-;499.9;28;104.98;394.92
TRILHA ESPORTE;2024-09-11;97148504602;pipecaladosnewanymarket;2024-09-20;Repasse Normal;-;369.9;31.46;77.68;292.22
TRILHA ESPORTE;2024-09-11;97148719501;pipecaladosnewanymarket;2024-09-20;Repasse Normal;-;499.9;32.76;104.98;394.92
TRILHA ESPORTE;2024-09-11;97148735101;pipecaladosnewanymarket;2024-09-20;Repasse Normal;-;199.9;29.76;41.98;157.92
TRILHA ESPORTE;2024-09-08;97136901401;pipecaladosnewanymarket;2024-09-20;Repasse Normal;-;1049.9;33.5;220.48;829.42
TRILHA ESPORTE;2024-09-11;97149575001;pipecaladosnewanymarket;2024-09-20;Repasse Normal;-;499.9;32.76;104.98;394.92
TRILHA ESPORTE;2024-09-11;97149851601;pipecaladosnewanymarket;2024-09-20;Repasse Normal;-;499.9;32.76;104.98;394.92
TRILHA ESPORTE;2024-09-11;97149872301;pipecaladosnewanymarket;2024-09-20;Repasse Normal;-;549.9;68.39;115.48;434.42
TRILHA ESPORTE;2024-09-11;97149819301;pipecaladosnewanymarket;2024-09-20;Repasse Normal;-;199.9;29.76;41.98;157.92
TRILHA ESPORTE;2024-09-11;97150129001;pipecaladosnewanymarket;2024-09-20;Repasse Normal;-;699.9;34.76;146.98;552.92
TRILHA ESPORTE;2024-09-08;97137996001;pipecaladosnewanymarket;2024-09-20;Repasse Normal;-;299.9;30.76;62.98;236.92
TRILHA ESPORTE;2024-09-11;97150076201;pipecaladosnewanymarket;2024-09-20;Repasse Normal;-;999.9;72.89;209.98;789.92
TRILHA ESPORTE;2024-09-11;97150428901;pipecaladosnewanymarket;2024-09-20;Repasse Normal;-;238.9;25.39;50.17;188.73
TRILHA ESPORTE;2024-09-11;97150490301;pipecaladosnewanymarket;2024-09-20;Repasse Normal;-;499.9;32.76;104.98;394.92
TRILHA ESPORTE;2024-09-11;97150653101;pipecaladosnewanymarket;2024-09-20;Repasse Normal;-;599.9;29;125.98;473.92
TRILHA ESPORTE;2024-09-11;97150624401;pipecaladosnewanymarket;2024-09-20;Repasse Normal;-;499.9;22.13;104.98;394.92
TRILHA ESPORTE;2024-09-11;97151030001;pipecaladosnewanymarket;2024-09-20;Repasse Normal;-;359.9;31.36;75.58;284.32
TRILHA ESPORTE;2024-09-11;97151013601;pipecaladosnewanymarket;2024-09-20;Repasse Normal;-;499.9;32.76;104.98;394.92
TRILHA ESPORTE;2024-09-11;97151535801;pipecaladosnewanymarket;2024-09-20;Repasse Normal;-;589.9;33.66;123.88;466.02
TRILHA ESPORTE;2024-09-11;97151719401;pipecaladosnewanymarket;2024-09-20;Repasse Normal;-;499.9;28;104.98;394.92
TRILHA ESPORTE;2024-09-11;97151793401;pipecaladosnewanymarket;2024-09-20;Repasse Normal;-;1199.9;29.13;251.98;947.92
TRILHA ESPORTE;2024-09-11;97151605501;pipecaladosnewanymarket;2024-09-20;Repasse Normal;-;499.9;32.76;104.98;394.92
TRILHA ESPORTE;2024-09-11;97151896801;pipecaladosnewanymarket;2024-09-20;Repasse Normal;-;299.9;26;62.98;236.92
TRILHA ESPORTE;2024-09-12;97158540301;pipecaladosnewanymarket;2024-09-20;Repasse Normal;-;238.9;30.15;50.17;188.73
TRILHA ESPORTE;2024-09-12;97158579401;pipecaladosnewanymarket;2024-09-20;Repasse Normal;-;299.9;48.95;62.98;236.92
TRILHA ESPORTE;2024-09-12;97158712501;pipecaladosnewanymarket;2024-09-20;Repasse Normal;-;499.9;32.76;104.98;394.92
TRILHA ESPORTE;2024-09-12;97159050004;pipecaladosnewanymarket;2024-09-20;Repasse Normal;-;1099.9;38.76;230.98;868.92
TRILHA ESPORTE;2024-09-12;97159224601;pipecaladosnewanymarket;2024-09-20;Repasse Normal;-;499.9;50.95;104.98;394.92
TRILHA ESPORTE;2024-09-08;97139525101;pipecaladosnewanymarket;2024-09-20;Repasse Normal;-;299.9;26;62.98;236.92
TRILHA ESPORTE;2024-09-12;97159340802;pipecaladosnewanymarket;2024-09-20;Repasse Normal;-;499.9;67.89;104.98;394.92
TRILHA ESPORTE;2024-09-12;97159893401;pipecaladosnewanymarket;2024-09-20;Repasse Normal;-;499.9;28;104.98;394.92
TRILHA ESPORTE;2024-09-12;97159761901;pipecaladosnewanymarket;2024-09-20;Repasse Normal;-;299.9;30.76;62.98;236.92
TRILHA ESPORTE;2024-09-12;97159892001;pipecaladosnewanymarket;2024-09-20;Repasse Normal;-;589.9;68.79;123.88;466.02
TRILHA ESPORTE;2024-09-12;97160222201;pipecaladosnewanymarket;2024-09-20;Repasse Normal;-;339.9;26.4;71.38;268.52
TRILHA ESPORTE;2024-09-12;97160628802;pipecaladosnewanymarket;2024-09-20;Repasse Normal;-;599.9;23.13;125.98;473.92
TRILHA ESPORTE;2024-09-12;97160599401;pipecaladosnewanymarket;2024-09-20;Repasse Normal;-;359.9;26.6;75.58;284.32
TRILHA ESPORTE;2024-09-12;97161062101;pipecaladosnewanymarket;2024-09-20;Repasse Normal;-;299.9;30.76;62.98;236.92
TRILHA ESPORTE;2024-09-12;97161062701;pipecaladosnewanymarket;2024-09-20;Repasse Normal;-;379.9;26.8;79.78;300.12
TRILHA ESPORTE;2024-09-12;97160782601;pipecaladosnewanymarket;2024-09-20;Repasse Normal;-;599.9;29;125.98;473.92
TRILHA ESPORTE;2024-09-12;97160937501;pipecaladosnewanymarket;2024-09-20;Repasse Normal;-;499.9;28;104.98;394.92
TRILHA ESPORTE;2024-09-12;97161329901;pipecaladosnewanymarket;2024-09-20;Repasse Normal;-;499.9;32.76;104.98;394.92
TRILHA ESPORTE;2024-09-12;97161369601;pipecaladosnewanymarket;2024-09-20;Repasse Normal;-;379.9;31.56;79.78;300.12
TRILHA ESPORTE;2024-09-09;97141824501;pipecaladosnewanymarket;2024-09-20;Repasse Normal;-;499.9;32.76;104.98;394.92
TRILHA ESPORTE;2024-09-13;97162214601;pipecaladosnewanymarket;2024-09-20;Repasse Normal;-;339.9;20.53;71.38;268.52
TRILHA ESPORTE;2024-09-13;97162034001;pipecaladosnewanymarket;2024-09-20;Repasse Normal;-;499.9;67.89;104.98;394.92
TRILHA ESPORTE;2024-09-09;97142849001;pipecaladosnewanymarket;2024-09-20;Repasse Normal;-;238.9;25.39;50.17;188.73
TRILHA ESPORTE;2024-09-13;97162628601;pipecaladosnewanymarket;2024-09-20;Repasse Normal;-;499.9;32.76;104.98;394.92
TRILHA ESPORTE;2024-09-13;97162653902;pipecaladosnewanymarket;2024-09-20;Repasse Normal;-;699.9;34.76;146.98;552.92
TRILHA ESPORTE;2024-09-13;97162783301;pipecaladosnewanymarket;2024-09-20;Repasse Normal;-;599.9;68.89;125.98;473.92
TRILHA ESPORTE;2024-09-13;97163639801;pipecaladosnewanymarket;2024-09-20;Repasse Normal;-;499.9;32.76;104.98;394.92
TRILHA ESPORTE;2024-09-13;97164235201;pipecaladosnewanymarket;2024-09-20;Repasse Normal;-;549.9;28.5;115.48;434.42
TRILHA ESPORTE;2024-09-13;97164439301;pipecaladosnewanymarket;2024-09-20;Repasse Normal;-;199.9;19.13;41.98;157.92
TRILHA ESPORTE;2024-09-13;97164632701;pipecaladosnewanymarket;2024-09-20;Repasse Normal;-;238.9;25.39;50.17;188.73
TRILHA ESPORTE;2024-09-13;97164567401;pipecaladosnewanymarket;2024-09-20;Repasse Normal;-;599.9;23.13;125.98;473.92
TRILHA ESPORTE;2024-09-10;97146215901;pipecaladosnewanymarket;2024-09-20;Repasse Normal;-;599.9;29;125.98;473.92
TRILHA ESPORTE;2024-09-13;97164792702;pipecaladosnewanymarket;2024-09-20;Repasse Normal;-;389.9;31.66;81.88;308.02
TRILHA ESPORTE;2024-09-13;97165179501;pipecaladosnewanymarket;2024-09-20;Repasse Normal;-;4199.8;74.18;881.96;3317.84
TRILHA ESPORTE;2024-09-14;97166400401;pipecaladosnewanymarket;2024-09-20;Repasse Normal;-;499.9;22.13;104.98;394.92
TRILHA ESPORTE;2024-09-14;97166493701;pipecaladosnewanymarket;2024-09-20;Repasse Normal;-;299.9;26;62.98;236.92
TRILHA ESPORTE;2024-09-10;97147808101;pipecaladosnewanymarket;2024-09-20;Repasse Normal;-;159.9;24.6;33.58;126.32
TRILHA ESPORTE;2024-09-14;97166999301;pipecaladosnewanymarket;2024-09-20;Repasse Normal;-;299.9;48.95;62.98;236.92
TRILHA ESPORTE;2024-09-14;97167257101;pipecaladosnewanymarket;2024-09-20;Repasse Normal;-;299.9;20.13;62.98;236.92
TRILHA ESPORTE;2024-09-14;97167293301;pipecaladosnewanymarket;2024-09-20;Repasse Normal;-;499.9;67.89;104.98;394.92
TRILHA ESPORTE;2024-09-14;97167169701;pipecaladosnewanymarket;2024-09-20;Repasse Normal;-;599.9;33.76;125.98;473.92
TRILHA ESPORTE;2024-09-14;97167609301;pipecaladosnewanymarket;2024-09-20;Repasse Normal;-;399.9;27;83.98;315.92
TRILHA ESPORTE;2024-09-14;97167645101;pipecaladosnewanymarket;2024-09-20;Repasse Normal;-;499.9;28;104.98;394.92
TRILHA ESPORTE;2024-09-14;97167648001;pipecaladosnewanymarket;2024-09-20;Repasse Normal;-;299.9;65.89;62.98;236.92
TRILHA ESPORTE;2024-09-14;97168027101;pipecaladosnewanymarket;2024-09-20;Repasse Normal;-;499.9;67.89;104.98;394.92
TRILHA ESPORTE;2024-09-14;97168071601;pipecaladosnewanymarket;2024-09-20;Repasse Normal;-;399.9;31.76;83.98;315.92
TRILHA ESPORTE;2024-09-14;97168327103;pipecaladosnewanymarket;2024-09-20;Repasse Normal;-;429.9;27.3;90.28;339.62
TRILHA ESPORTE;2024-09-11;97149850602;pipecaladosnewanymarket;2024-09-20;Repasse Normal;-;499.9;22.13;104.98;394.92
TRILHA ESPORTE;2024-09-15;97169020201;pipecaladosnewanymarket;2024-09-20;Repasse Normal;-;1199.9;39.76;251.98;947.92
TRILHA ESPORTE;2024-09-15;97169262701;pipecaladosnewanymarket;2024-09-20;Repasse Normal;-;1099.9;34;230.98;868.92
TRILHA ESPORTE;2024-09-15;97169069801;pipecaladosnewanymarket;2024-09-20;Repasse Normal;-;339.9;20.53;71.38;268.52
TRILHA ESPORTE;2024-09-15;97169469001;pipecaladosnewanymarket;2024-09-20;Repasse Normal;-;399.9;31.76;83.98;315.92
TRILHA ESPORTE;2024-09-11;97152163301;pipecaladosnewanymarket;2024-09-20;Repasse Normal;-;299.9;26;62.98;236.92
TRILHA ESPORTE;2024-09-12;97158621701;pipecaladosnewanymarket;2024-09-20;Repasse Normal;-;499.9;28;104.98;394.92
TRILHA ESPORTE;2024-09-15;97171322901;pipecaladosnewanymarket;2024-09-20;Repasse Normal;-;299.9;30.76;62.98;236.92
TRILHA ESPORTE;2024-09-15;97171468202;pipecaladosnewanymarket;2024-09-20;Repasse Normal;-;499.9;28;104.98;394.92
TRILHA ESPORTE;2024-09-12;97158926301;pipecaladosnewanymarket;2024-09-20;Repasse Normal;-;499.9;50.95;104.98;394.92
TRILHA ESPORTE;2024-09-12;97159291701;pipecaladosnewanymarket;2024-09-20;Repasse Normal;-;499.9;67.89;104.98;394.92
TRILHA ESPORTE;2024-09-15;97172024402;pipecaladosnewanymarket;2024-09-20;Repasse Normal;-;499.9;32.76;104.98;394.92
TRILHA ESPORTE;2024-09-16;97172826101;pipecaladosnewanymarket;2024-09-20;Repasse Normal;-;499.9;50.95;104.98;394.92
TRILHA ESPORTE;2024-09-15;97171961303;pipecaladosnewanymarket;2024-09-20;Repasse Normal;-;499.9;50.95;104.98;394.92
TRILHA ESPORTE;2024-09-12;97160058301;pipecaladosnewanymarket;2024-09-20;Repasse Normal;-;1199.9;35;251.98;947.92
TRILHA ESPORTE;2024-09-16;97172679101;pipecaladosnewanymarket;2024-09-20;Repasse Normal;-;899.9;32;188.98;710.92
TRILHA ESPORTE;2024-09-16;97173793801;pipecaladosnewanymarket;2024-09-20;Repasse Normal;-;349.9;20.63;73.48;276.42
TRILHA ESPORTE;2024-09-16;97173623501;pipecaladosnewanymarket;2024-09-20;Repasse Normal;-;629.9;34.06;132.28;497.62
TRILHA ESPORTE;2024-09-16;97174135801;pipecaladosnewanymarket;2024-09-20;Repasse Normal;-;499.9;28;104.98;394.92
TRILHA ESPORTE;2024-09-16;97174342201;pipecaladosnewanymarket;2024-09-20;Repasse Normal;-;449.9;27.5;94.48;355.42
TRILHA ESPORTE;2024-09-16;97174285001;pipecaladosnewanymarket;2024-09-20;Repasse Normal;-;1199.9;35;251.98;947.92
TRILHA ESPORTE;2024-09-16;97174177301;pipecaladosnewanymarket;2024-09-20;Repasse Normal;-;749.9;70.39;157.48;592.42
TRILHA ESPORTE;2024-09-16;97174886501;pipecaladosnewanymarket;2024-09-20;Repasse Normal;-;499.9;32.76;104.98;394.92
TRILHA ESPORTE;2024-09-16;97174596501;pipecaladosnewanymarket;2024-09-20;Repasse Normal;-;899.9;32;188.98;710.92
TRILHA ESPORTE;2024-09-16;97174773801;pipecaladosnewanymarket;2024-09-20;Repasse Normal;-;699.9;30;146.98;552.92
TRILHA ESPORTE;2024-09-16;97175118702;pipecaladosnewanymarket;2024-09-20;Repasse Normal;-;299.9;30.76;62.98;236.92
TRILHA ESPORTE;2024-09-16;97175405202;pipecaladosnewanymarket;2024-09-20;Repasse Normal;-;299.9;26;62.98;236.92
TRILHA ESPORTE;2024-09-16;97175154701;pipecaladosnewanymarket;2024-09-20;Repasse Normal;-;299.9;26;62.98;236.92
TRILHA ESPORTE;2024-09-16;97175475501;pipecaladosnewanymarket;2024-09-20;Repasse Normal;-;159.9;18.73;33.58;126.32
TRILHA ESPORTE;2024-09-16;97175978301;pipecaladosnewanymarket;2024-09-20;Repasse Normal;-;749.9;24.63;157.48;592.42
TRILHA ESPORTE;2024-09-16;97175895701;pipecaladosnewanymarket;2024-09-20;Repasse Normal;-;499.9;67.89;104.98;394.92
TRILHA ESPORTE;2024-09-16;97176021101;pipecaladosnewanymarket;2024-09-20;Repasse Normal;-;749.9;35.26;157.48;592.42
TRILHA ESPORTE;2024-09-13;97164448701;pipecaladosnewanymarket;2024-09-20;Repasse Normal;-;359.9;26.6;75.58;284.32
TRILHA ESPORTE;2024-09-16;97176160003;pipecaladosnewanymarket;2024-09-20;Repasse Normal;-;789.9;18.1;165.88;624.02
TRILHA ESPORTE;2024-09-17;97176252801;pipecaladosnewanymarket;2024-09-20;Repasse Normal;-;299.9;26;62.98;236.92
TRILHA ESPORTE;2024-09-17;97176870302;pipecaladosnewanymarket;2024-09-20;Repasse Normal;-;499.9;28;104.98;394.92
TRILHA ESPORTE;2024-09-17;97177203101;pipecaladosnewanymarket;2024-09-20;Repasse Normal;-;599.9;33.76;125.98;473.92
TRILHA ESPORTE;2024-09-17;97178215101;pipecaladosnewanymarket;2024-09-20;Repasse Normal;-;699.9;34.76;146.98;552.92
TRILHA ESPORTE;2024-09-17;97177297502;pipecaladosnewanymarket;2024-09-20;Repasse Normal;-;499.9;67.89;104.98;394.92
TRILHA ESPORTE;2024-09-17;97177504801;pipecaladosnewanymarket;2024-09-20;Repasse Normal;-;499.9;22.13;104.98;394.92
TRILHA ESPORTE;2024-09-17;97177927301;pipecaladosnewanymarket;2024-09-20;Repasse Normal;-;599.9;29;125.98;473.92
TRILHA ESPORTE;2024-09-17;97178724501;pipecaladosnewanymarket;2024-09-20;Repasse Normal;-;899.9;32;188.98;710.92
TRILHA ESPORTE;2024-09-17;97178563202;pipecaladosnewanymarket;2024-09-20;Repasse Normal;-;299.9;26;62.98;236.92
TRILHA ESPORTE;2024-09-17;97179291501;pipecaladosnewanymarket;2024-09-20;Repasse Normal;-;299.9;20.13;62.98;236.92
TRILHA ESPORTE;2024-09-14;97167107702;pipecaladosnewanymarket;2024-09-20;Repasse Normal;-;299.9;20.13;62.98;236.92
TRILHA ESPORTE;2024-09-17;97178624401;pipecaladosnewanymarket;2024-09-20;Repasse Normal;-;299.9;30.76;62.98;236.92
TRILHA ESPORTE;2024-09-17;97179550101;pipecaladosnewanymarket;2024-09-20;Repasse Normal;-;499.9;32.76;104.98;394.92
TRILHA ESPORTE;2024-09-18;97179738001;pipecaladosnewanymarket;2024-09-20;Repasse Normal;-;599.9;29;125.98;473.92
TRILHA ESPORTE;2024-09-18;97179758001;pipecaladosnewanymarket;2024-09-20;Repasse Normal;-;499.9;22.13;104.98;394.92
TRILHA ESPORTE;2024-09-18;97179853402;pipecaladosnewanymarket;2024-09-20;Repasse Normal;-;499.9;32.76;104.98;394.92
TRILHA ESPORTE;2024-09-18;97180269701;pipecaladosnewanymarket;2024-09-20;Repasse Normal;-;339.9;26.4;71.38;268.52
TRILHA ESPORTE;2024-09-18;97180019001;pipecaladosnewanymarket;2024-09-20;Repasse Normal;-;299.9;65.89;62.98;236.92
TRILHA ESPORTE;2024-09-18;97180843901;pipecaladosnewanymarket;2024-09-20;Repasse Normal;-;999.9;37.76;209.98;789.92
TRILHA ESPORTE;2024-09-18;97181114301;pipecaladosnewanymarket;2024-09-20;Repasse Normal;-;749.9;53.45;157.48;592.42
TRILHA ESPORTE;2024-09-18;97181502601;pipecaladosnewanymarket;2024-09-20;Repasse Normal;-;399.9;31.76;83.98;315.92
TRILHA ESPORTE;2024-09-18;97181988202;pipecaladosnewanymarket;2024-09-20;Repasse Normal;-;299.9;26;62.98;236.92
TRILHA ESPORTE;2024-09-18;97182206601;pipecaladosnewanymarket;2024-09-20;Repasse Normal;-;999.9;55.95;209.98;789.92
TRILHA ESPORTE;2024-09-15;97171555801;pipecaladosnewanymarket;2024-09-20;Repasse Normal;-;299.9;30.76;62.98;236.92
TRILHA ESPORTE;2024-09-18;97182164201;pipecaladosnewanymarket;2024-09-20;Repasse Normal;-;499.9;22.13;104.98;394.92
TRILHA ESPORTE;2024-09-18;97182597001;pipecaladosnewanymarket;2024-09-20;Repasse Normal;-;599.9;23.13;125.98;473.92
TRILHA ESPORTE;2024-09-18;97182542301;pipecaladosnewanymarket;2024-09-20;Repasse Normal;-;749.9;24.63;157.48;592.42
TRILHA ESPORTE;2024-09-18;97182738201;pipecaladosnewanymarket;2024-09-20;Repasse Normal;-;299.9;26;62.98;236.92
TRILHA ESPORTE;2024-09-15;97172184103;pipecaladosnewanymarket;2024-09-20;Repasse Normal;-;179.9;18.93;37.78;142.12
TRILHA ESPORTE;2024-09-18;97182662801;pipecaladosnewanymarket;2024-09-20;Repasse Normal;-;238.9;19.52;50.17;188.73
TRILHA ESPORTE;2024-09-19;97183329701;pipecaladosnewanymarket;2024-09-20;Repasse Normal;-;999.9;37.76;209.98;789.92
TRILHA ESPORTE;2024-09-19;97183476501;pipecaladosnewanymarket;2024-09-20;Repasse Normal;-;1199.9;35;251.98;947.92
TRILHA ESPORTE;2024-09-19;97183543501;pipecaladosnewanymarket;2024-09-20;Repasse Normal;-;999.9;37.76;209.98;789.92
TRILHA ESPORTE;2024-09-19;97183537101;pipecaladosnewanymarket;2024-09-20;Repasse Normal;-;499.9;28;104.98;394.92
TRILHA ESPORTE;2024-09-19;97183689801;pipecaladosnewanymarket;2024-09-20;Repasse Normal;-;499.9;67.89;104.98;394.92
TRILHA ESPORTE;2024-09-19;97184455001;pipecaladosnewanymarket;2024-09-20;Repasse Normal;-;599.9;29;125.98;473.92
TRILHA ESPORTE;2024-09-19;97184737401;pipecaladosnewanymarket;2024-09-20;Repasse Normal;-;999.9;33;209.98;789.92
TRILHA ESPORTE;2024-09-16;97174859301;pipecaladosnewanymarket;2024-09-20;Repasse Normal;-;599.9;33.76;125.98;473.92
TRILHA ESPORTE;2024-09-16;97174995101;pipecaladosnewanymarket;2024-09-20;Repasse Normal;-;1399.9;37;293.98;1105.92
TRILHA ESPORTE;2024-09-19;97185464701;pipecaladosnewanymarket;2024-09-20;Repasse Normal;-;549.9;28.5;115.48;434.42
TRILHA ESPORTE;2024-09-19;97184839601;pipecaladosnewanymarket;2024-09-20;Repasse Normal;-;999.9;37.76;209.98;789.92
TRILHA ESPORTE;2024-09-19;97185135801;pipecaladosnewanymarket;2024-09-20;Repasse Normal;-;299.9;65.89;62.98;236.92
TRILHA ESPORTE;2024-09-19;97185679801;pipecaladosnewanymarket;2024-09-20;Repasse Normal;-;399.9;21.13;83.98;315.92
TRILHA ESPORTE;2024-09-20;97188190801;pipecaladosnewanymarket;2024-09-20;Repasse Normal;-;299.9;30.76;62.98;236.92
TRILHA ESPORTE;2024-09-20;97189110901;pipecaladosnewanymarket;2024-09-20;Repasse Normal;-;749.9;30.5;157.48;592.42
TRILHA ESPORTE;2024-09-20;97189388302;pipecaladosnewanymarket;2024-09-20;Repasse Normal;-;799.9;70.89;167.98;631.92
TRILHA ESPORTE;2024-09-20;97188753102;pipecaladosnewanymarket;2024-09-20;Repasse Normal;-;359.9;31.36;75.58;284.32
TRILHA ESPORTE;2024-09-20;97189193601;pipecaladosnewanymarket;2024-09-20;Repasse Normal;-;599.9;29;125.98;473.92
TRILHA ESPORTE;2024-09-20;97189805801;pipecaladosnewanymarket;2024-09-20;Repasse Normal;-;999.9;37.76;209.98;789.92
TRILHA ESPORTE;2024-09-17;97178047701;pipecaladosnewanymarket;2024-09-20;Repasse Normal;-;549.9;33.26;115.48;434.42
TRILHA ESPORTE;2024-09-18;97180154801;pipecaladosnewanymarket;2024-09-20;Repasse Normal;-;299.9;26;62.98;236.92
TRILHA ESPORTE;2024-09-19;97183293201;pipecaladosnewanymarket;2024-09-20;Repasse Normal;-;499.9;50.95;104.98;394.92
TRILHA ESPORTE;2024-09-19;97183581701;pipecaladosnewanymarket;2024-09-20;Repasse Normal;-;299.9;26;62.98;236.92
TRILHA ESPORTE;2024-09-19;97184850001;pipecaladosnewanymarket;2024-09-20;Repasse Normal;-;379.9;26.8;79.78;300.12
TRILHA ESPORTE;2024-09-20;97186743501;pipecaladosnewanymarket;2024-09-20;Repasse Normal;-;299.9;26;62.98;236.92
TRILHA ESPORTE;2024-09-20;97189337201;pipecaladosnewanymarket;2024-09-20;Repasse Normal;-;999.9;37.76;209.98;789.92
TRILHA ESPORTE;2024-08-13;97041362601;pipecaladosnewanymarket;2024-09-20;Descontar Hove;-;-;-;-;-899.90
TRILHA ESPORTE;2024-09-11;97151719401;pipecaladosnewanymarket;2024-09-20;Descontar Hove;-;-;-;-;-499.90
TRILHA ESPORTE;2024-08-29;97103325101;pipecaladosnewanymarket;2024-09-20;Descontar Hove;-;-;-;-;-499.90
TRILHA ESPORTE;2024-08-03;96998570002;pipecaladosnewanymarket;2024-09-20;Descontar Hove;-;-;-;-;-379.90
TRILHA ESPORTE;2024-08-27;97096929901;pipecaladosnewanymarket;2024-09-20;Descontar Hove;-;-;-;-;-499.90
TRILHA ESPORTE;2024-08-30;97106104301;pipecaladosnewanymarket;2024-09-20;Descontar Hove;-;-;-;-;-999.90
TRILHA ESPORTE;2024-09-03;97119130701;pipecaladosnewanymarket;2024-09-20;Descontar Hove;-;-;-;-;-1049.90
TRILHA ESPORTE;2024-08-14;97045581501;pipecaladosnewanymarket;2024-09-20;Descontar Hove;-;-;-;-;-629.90
TRILHA ESPORTE;2024-08-08;97023210601;pipecaladosnewanymarket;2024-09-20;Descontar Hove;-;-;-;-;-899.90
TRILHA ESPORTE;2024-09-02;97115203102;pipecaladosnewanymarket;2024-09-20;Descontar Hove;-;-;-;-;-499.90
TRILHA ESPORTE;2024-08-24;97086968601;pipecaladosnewanymarket;2024-09-20;Descontar Hove;-;-;-;-;-499.90
TRILHA ESPORTE;2024-08-22;97079863701;pipecaladosnewanymarket;2024-09-20;Descontar Hove;-;-;-;-;-429.90
TRILHA ESPORTE;2024-07-24;96957328603;pipecaladosnewanymarket;2024-09-20;Descontar Hove;-;-;-;-;-299.90
TRILHA ESPORTE;2024-08-08;97023890801;pipecaladosnewanymarket;2024-09-20;Descontar Hove;-;-;-;-;-499.90
TRILHA ESPORTE;2024-08-01;96988690202;pipecaladosnewanymarket;2024-09-20;Descontar Hove;-;-;-;-;-699.90
TRILHA ESPORTE;2024-08-09;97025042401;pipecaladosnewanymarket;2024-09-20;Descontar Hove;-;-;-;-;-599.90
TRILHA ESPORTE;2024-08-17;97058918801;pipecaladosnewanymarket;2024-09-20;Descontar Hove;-;-;-;-;-699.90
TRILHA ESPORTE;2024-08-13;97043727502;pipecaladosnewanymarket;2024-09-20;Descontar Hove;-;-;-;-;-499.90
TRILHA ESPORTE;2024-08-22;97079520201;pipecaladosnewanymarket;2024-09-20;Descontar Hove;-;-;-;-;-499.99
TRILHA ESPORTE;2024-07-10;96908716301;pipecaladosnewanymarket;2024-09-20;Descontar Hove;-;-;-;-;-1199.90
TRILHA ESPORTE;2024-08-04;97001215701;pipecaladosnewanymarket;2024-09-20;Descontar Hove;-;-;-;-;-1199.90
TRILHA ESPORTE;2024-08-06;97012823701;pipecaladosnewanymarket;2024-09-20;Descontar Hove;-;-;-;-;-999.90
TRILHA ESPORTE;2024-08-17;97057896901;pipecaladosnewanymarket;2024-09-20;Descontar Hove;-;-;-;-;-499.90
TRILHA ESPORTE;2024-08-07;97017720002;pipecaladosnewanymarket;2024-09-20;Descontar Hove;-;-;-;-;-379.90
TRILHA ESPORTE;2024-08-21;97078271902;pipecaladosnewanymarket;2024-09-20;Descontar Hove;-;-;-;-;-449.90
TRILHA ESPORTE;2024-08-18;97059567103;pipecaladosnewanymarket;2024-09-20;Descontar Hove;-;-;-;-;-299.90
TRILHA ESPORTE;2024-08-22;97080457202;pipecaladosnewanymarket;2024-09-20;Descontar Hove;-;-;-;-;-499.99
TRILHA ESPORTE;2024-07-28;96970706101;pipecaladosnewanymarket;2024-09-20;Descontar Hove;-;-;-;-;-699.90
TRILHA ESPORTE;2024-08-19;97065114901;pipecaladosnewanymarket;2024-09-20;Descontar Hove;-;-;-;-;-499.99
TRILHA ESPORTE;2024-07-27;96968951701;pipecaladosnewanymarket;2024-09-20;Descontar Hove;-;-;-;-;-159.90
TRILHA ESPORTE;2024-08-22;97081348601;pipecaladosnewanymarket;2024-09-20;Descontar Hove;-;-;-;-;-799.90
TRILHA ESPORTE;2024-07-19;96940895801;pipecaladosnewanymarket;2024-09-20;Descontar Hove;-;-;-;-;-499.99
TRILHA ESPORTE;2024-08-05;97005871401;pipecaladosnewanymarket;2024-09-20;Descontar Hove;-;-;-;-;-339.90
TRILHA ESPORTE;2024-08-30;97105246001;pipecaladosnewanymarket;2024-09-20;Descontar Hove;-;-;-;-;-299.90
TRILHA ESPORTE;2024-08-12;97036186401;pipecaladosnewanymarket;2024-09-20;Descontar Hove;-;-;-;-;-589.90
TRILHA ESPORTE;2024-07-29;96975148701;pipecaladosnewanymarket;2024-09-20;Descontar Hove;-;-;-;-;-799.90
TRILHA ESPORTE;2024-09-01;97113482401;pipecaladosnewanymarket;2024-09-20;Descontar Hove;-;-;-;-;-499.90
TRILHA ESPORTE;2024-08-30;97106545001;pipecaladosnewanymarket;2024-09-20;Descontar Hove;-;-;-;-;-499.90
TRILHA ESPORTE;2024-08-14;97045580001;pipecaladosnewanymarket;2024-09-20;Descontar Hove;-;-;-;-;-429.90
TRILHA ESPORTE;2024-08-29;97102440001;pipecaladosnewanymarket;2024-09-20;Descontar Hove;-;-;-;-;-999.90
TRILHA ESPORTE;2024-08-09;97026776101;pipecaladosnewanymarket;2024-09-20;Descontar Hove;-;-;-;-;-354.90
TRILHA ESPORTE;2024-08-16;97054737501;pipecaladosnewanymarket;2024-09-20;Descontar Hove;-;-;-;-;-999.90
TRILHA ESPORTE;2024-09-06;97130725501;pipecaladosnewanymarket;2024-09-20;Descontar Hove;-;-;-;-;-499.90
TRILHA ESPORTE;2024-07-31;96984966201;pipecaladosnewanymarket;2024-09-20;Descontar Hove;-;-;-;-;-899.90
TRILHA ESPORTE;2024-09-03;97117236901;pipecaladosnewanymarket;2024-09-20;Descontar Hove;-;-;-;-;-1999.90
TRILHA ESPORTE;2024-08-11;97034267402;pipecaladosnewanymarket;2024-09-20;Descontar Hove;-;-;-;-;-299.90
TRILHA ESPORTE;2024-08-21;97075643501;pipecaladosnewanymarket;2024-09-20;Descontar Hove;-;-;-;-;-369.90
TRILHA ESPORTE;2024-08-04;97000287201;pipecaladosnewanymarket;2024-09-20;Descontar Hove;-;-;-;-;-699.90
TRILHA ESPORTE;2024-08-28;97099829501;pipecaladosnewanymarket;2024-09-20;Descontar Hove;-;-;-;-;-499.90
TRILHA ESPORTE;2024-08-23;97085475001;pipecaladosnewanymarket;2024-09-20;Descontar Hove;-;-;-;-;-499.90
TRILHA ESPORTE;2024-08-17;97058782402;pipecaladosnewanymarket;2024-09-20;Descontar Hove;-;-;-;-;-189.90
TRILHA ESPORTE;2024-08-22;97080457202;pipecaladosnewanymarket;2024-09-20;Descontar Hove;-;-;-;-;-499.99
TRILHA ESPORTE;2024-08-23;97082707901;pipecaladosnewanymarket;2024-09-20;Descontar Hove;-;-;-;-;-499.90
TRILHA ESPORTE;2024-08-25;97088238901;pipecaladosnewanymarket;2024-09-20;Descontar Hove;-;-;-;-;-499.90
TRILHA ESPORTE;2024-08-22;97080457202;pipecaladosnewanymarket;2024-09-20;Descontar Hove;-;-;-;-;-499.99
TRILHA ESPORTE;2024-07-04;96884136601;pipecaladosnewanymarket;2024-09-20;Descontar Hove;-;-;-;-;-339.90
TRILHA ESPORTE;2024-08-03;96998656701;pipecaladosnewanymarket;2024-09-20;Descontar Hove;-;-;-;-;-429.90
TRILHA ESPORTE;2024-08-18;97059567103;pipecaladosnewanymarket;2024-09-20;Descontar Reversa Centauro Envios;-;-;-;-;-17.37
TRILHA ESPORTE;2024-08-13;97043727502;pipecaladosnewanymarket;2024-09-20;Descontar Reversa Centauro Envios;-;-;-;-;-46.20
TRILHA ESPORTE;2024-08-21;97075643501;pipecaladosnewanymarket;2024-09-20;Descontar Reversa Centauro Envios;-;-;-;-;-17.37
TRILHA ESPORTE;2024-08-17;97058782402;pipecaladosnewanymarket;2024-09-20;Descontar Reversa Centauro Envios;-;-;-;-;-16.21
TRILHA ESPORTE;2024-08-16;97054737501;pipecaladosnewanymarket;2024-09-20;Descontar Reversa Centauro Envios;-;-;-;-;-46.20
TRILHA ESPORTE;2024-08-06;97012823701;pipecaladosnewanymarket;2024-09-20;Descontar Reversa Centauro Envios;-;-;-;-;-23.25
TRILHA ESPORTE;2024-08-23;97085475001;pipecaladosnewanymarket;2024-09-20;Descontar Reversa Centauro Envios;-;-;-;-;-17.37
TRILHA ESPORTE;2024-08-22;97081348601;pipecaladosnewanymarket;2024-09-20;Descontar Reversa Centauro Envios;-;-;-;-;-23.25
TRILHA ESPORTE;2024-08-25;97088572301;pipecaladosnewanymarket;2024-09-20;Descontar Reversa Centauro Envios;-;-;-;-;-27.58
TRILHA ESPORTE;2024-08-05;97005548201;pipecaladosnewanymarket;2024-09-20;Descontar Reversa Centauro Envios;-;-;-;-;-23.25
TRILHA ESPORTE;2024-08-17;97058918801;pipecaladosnewanymarket;2024-09-20;Descontar Reversa Centauro Envios;-;-;-;-;-25.37
TRILHA ESPORTE;2024-08-21;97078271902;pipecaladosnewanymarket;2024-09-20;Descontar Reversa Centauro Envios;-;-;-;-;-23.25
TRILHA ESPORTE;2024-08-30;97105246001;pipecaladosnewanymarket;2024-09-20;Descontar Reversa Centauro Envios;-;-;-;-;-23.25
TRILHA ESPORTE;2024-07-28;96970706101;pipecaladosnewanymarket;2024-09-20;Descontar Reversa Centauro Envios;-;-;-;-;-26.53
TRILHA ESPORTE;2024-08-22;97079520201;pipecaladosnewanymarket;2024-09-20;Descontar Reversa Centauro Envios;-;-;-;-;-68.47
TRILHA ESPORTE;2024-08-29;97102440001;pipecaladosnewanymarket;2024-09-20;Descontar Reversa Centauro Envios;-;-;-;-;-44.58
TRILHA ESPORTE;2024-08-23;97082707901;pipecaladosnewanymarket;2024-09-20;Descontar Reversa Centauro Envios;-;-;-;-;-23.25
TRILHA ESPORTE;2024-09-03;97117236901;pipecaladosnewanymarket;2024-09-20;Descontar Reversa Centauro Envios;-;-;-;-;-21.93
TRILHA ESPORTE;2024-08-03;96998570002;pipecaladosnewanymarket;2024-09-20;Descontar Reversa Centauro Envios;-;-;-;-;-21.94
TRILHA ESPORTE;2024-09-01;97113482401;pipecaladosnewanymarket;2024-09-20;Descontar Reversa Centauro Envios;-;-;-;-;-28.00
TRILHA ESPORTE;2024-08-06;97013190101;pipecaladosnewanymarket;2024-09-20;Descontar Reversa Centauro Envios;-;-;-;-;-52.86
TRILHA ESPORTE;2024-09-02;97115203102;pipecaladosnewanymarket;2024-09-20;Descontar Reversa Centauro Envios;-;-;-;-;-44.58
TRILHA ESPORTE;2024-08-22;97080457202;pipecaladosnewanymarket;2024-09-20;Descontar Reversa Centauro Envios;-;-;-;-;-17.37
TRILHA ESPORTE;2024-08-22;97080457202;pipecaladosnewanymarket;2024-09-20;Descontar Reversa Centauro Envios;-;-;-;-;-17.37
TRILHA ESPORTE;2024-08-22;97080457202;pipecaladosnewanymarket;2024-09-20;Descontar Reversa Centauro Envios;-;-;-;-;-17.37
TRILHA ESPORTE;2024-07-20;96944421001;pipecaladosnewanymarket;2024-09-20;Descontar Reversa Centauro Envios;-;-;-;-;-26.53
TRILHA ESPORTE;2024-06-06;96774321801;pipecaladosnewanymarket;2024-09-20;Descontar Reversa Centauro Envios;-;-;-;-;-17.33
TRILHA ESPORTE;2024-05-29;96737435901;pipecaladosnewanymarket;2024-09-20;Descontar Reversa Centauro Envios;-;-;-;-;-17.33
TRILHA ESPORTE;2024-08-13;97041362601;pipecaladosnewanymarket;2024-09-20;Descontar Reversa Centauro Envios;-;-;-;-;-44.58
TRILHA ESPORTE;2024-07-24;96958302401;pipecaladosnewanymarket;2024-09-20;Descontar Reversa Centauro Envios;-;-;-;-;-44.58
TRILHA ESPORTE;2024-08-13;97043325801;pipecaladosnewanymarket;2024-09-20;Descontar Reversa Centauro Envios;-;-;-;-;-16.21
TRILHA ESPORTE;2024-08-14;97045581501;pipecaladosnewanymarket;2024-09-20;Descontar Reversa Centauro Envios;-;-;-;-;-26.53
TRILHA ESPORTE;2024-08-03;96998966301;pipecaladosnewanymarket;2024-09-20;Descontar Reversa Centauro Envios;-;-;-;-;-44.58
TRILHA ESPORTE;2024-05-02;96628872901;pipecaladosnewanymarket;2024-09-20;Descontar Reversa Centauro Envios;-;-;-;-;-17.33
TRILHA ESPORTE;2024-05-19;96697628001;pipecaladosnewanymarket;2024-09-20;Descontar Reversa Centauro Envios;-;-;-;-;-17.33
TRILHA ESPORTE;2024-05-23;96714778001;pipecaladosnewanymarket;2024-09-20;Descontar Reversa Centauro Envios;-;-;-;-;-17.33
TRILHA ESPORTE;2024-06-10;96791021601;pipecaladosnewanymarket;2024-09-20;Descontar Reversa Centauro Envios;-;-;-;-;-21.94
TRILHA ESPORTE;2024-08-11;97034352001;pipecaladosnewanymarket;2024-09-20;Descontar Reversa Centauro Envios;-;-;-;-;-61.18
TRILHA ESPORTE;2024-06-09;96786568501;pipecaladosnewanymarket;2024-09-20;Descontar Reversa Centauro Envios;-;-;-;-;-21.94
TRILHA ESPORTE;2024-08-04;97001443701;pipecaladosnewanymarket;2024-09-20;Descontar Reversa Centauro Envios;-;-;-;-;-21.94
TRILHA ESPORTE;2024-06-26;96844528702;pipecaladosnewanymarket;2024-09-20;Descontar Reversa Centauro Envios;-;-;-;-;-21.94
TRILHA ESPORTE;2024-07-17;96935262501;pipecaladosnewanymarket;2024-09-20;Descontar Reversa Centauro Envios;-;-;-;-;-21.94
TRILHA ESPORTE;2024-05-25;96722537501;pipecaladosnewanymarket;2024-09-20;Descontar Reversa Centauro Envios;-;-;-;-;-17.33
TRILHA ESPORTE;2024-07-24;96957328603;pipecaladosnewanymarket;2024-09-20;Descontar Reversa Centauro Envios;-;-;-;-;-26.53
TRILHA ESPORTE;2024-08-03;96996816901;pipecaladosnewanymarket;2024-09-20;Descontar Reversa Centauro Envios;-;-;-;-;-21.94
TRILHA ESPORTE;2024-05-26;96726445602;pipecaladosnewanymarket;2024-09-20;Descontar Reversa Centauro Envios;-;-;-;-;-17.33
TRILHA ESPORTE;2024-05-28;96733014101;pipecaladosnewanymarket;2024-09-20;Descontar Reversa Centauro Envios;-;-;-;-;-17.33
TRILHA ESPORTE;2024-08-01;96986099601;pipecaladosnewanymarket;2024-09-20;Descontar Reversa Centauro Envios;-;-;-;-;-16.21
TRILHA ESPORTE;2024-07-27;96968099401;pipecaladosnewanymarket;2024-09-20;Descontar Reversa Centauro Envios;-;-;-;-;-21.94
TRILHA ESPORTE;2024-06-07;96779879801;pipecaladosnewanymarket;2024-09-20;Descontar Reversa Centauro Envios;-;-;-;-;-26.53
TRILHA ESPORTE;2024-06-07;96779060801;pipecaladosnewanymarket;2024-09-20;Descontar Reversa Centauro Envios;-;-;-;-;-21.94
TRILHA ESPORTE;2024-06-24;96837697901;pipecaladosnewanymarket;2024-09-20;Descontar Reversa Centauro Envios;-;-;-;-;-16.21
TRILHA ESPORTE;2024-08-08;97023210601;pipecaladosnewanymarket;2024-09-20;Descontar Reversa Centauro Envios;-;-;-;-;-21.94
TRILHA ESPORTE;2024-08-22;97079863701;pipecaladosnewanymarket;2024-09-20;Descontar Reversa Centauro Envios;-;-;-;-;-21.94
TRILHA ESPORTE;2024-08-08;97023890801;pipecaladosnewanymarket;2024-09-20;Descontar Reversa Centauro Envios;-;-;-;-;-21.94
TRILHA ESPORTE;2024-07-04;96884136601;pipecaladosnewanymarket;2024-09-20;Descontar Reversa Centauro Envios;-;-;-;-;-16.21
TRILHA ESPORTE;2024-07-10;96908716301;pipecaladosnewanymarket;2024-09-20;Descontar Reversa Centauro Envios;-;-;-;-;-26.53
TRILHA ESPORTE;2024-08-01;96988690202;pipecaladosnewanymarket;2024-09-20;Descontar Reversa Centauro Envios;-;-;-;-;-21.94
TRILHA ESPORTE;2024-08-24;97086968601;pipecaladosnewanymarket;2024-09-20;Descontar Reversa Centauro Envios;-;-;-;-;-44.58
TRILHA ESPORTE;2024-08-04;97000287201;pipecaladosnewanymarket;2024-09-20;Descontar Reversa Centauro Envios;-;-;-;-;-26.53
TRILHA ESPORTE;2024-08-04;97001215701;pipecaladosnewanymarket;2024-09-20;Descontar Reversa Centauro Envios;-;-;-;-;-21.94
TRILHA ESPORTE;2024-09-03;97119130701;pipecaladosnewanymarket;2024-09-20;Descontar Reversa Centauro Envios;-;-;-;-;-61.18
TRILHA ESPORTE;2024-08-29;97103325101;pipecaladosnewanymarket;2024-09-20;Descontar Reversa Centauro Envios;-;-;-;-;-21.94
TRILHA ESPORTE;2024-09-05;97127088801;pipecaladosnewanymarket;2024-09-20;Descontar Reversa Centauro Envios;-;-;-;-;-27.58
TRILHA ESPORTE;2024-09-08;97137274702;pipecaladosnewanymarket;2024-09-20;Descontar Reversa Centauro Envios;-;-;-;-;-17.37
TRILHA ESPORTE;2024-09-11;97151030001;pipecaladosnewanymarket;2024-09-20;Descontar Reversa Centauro Envios;-;-;-;-;-28.00
TRILHA ESPORTE;2024-08-27;97096929901;pipecaladosnewanymarket;2024-09-20;Descontar Reversa Centauro Envios;-;-;-;-;-44.58
TRILHA ESPORTE;2024-09-11;97151719401;pipecaladosnewanymarket;2024-09-20;Descontar Reversa Centauro Envios;-;-;-;-;-21.94
TRILHA ESPORTE;2024-08-30;97106104301;pipecaladosnewanymarket;2024-09-20;Descontar Reversa Centauro Envios;-;-;-;-;-44.58
TRILHA ESPORTE;2024-09-12;97158621701;pipecaladosnewanymarket;2024-09-20;Descontar Reversa Centauro Envios;-;-;-;-;-23.25
TRILHA ESPORTE;2024-08-24;97086674401;pipecaladosnewanymarket;2024-09-20;Descontar Reversa Centauro Envios;-;-;-;-;-63.14
TRILHA ESPORTE;2024-09-11;97149819301;pipecaladosnewanymarket;2024-09-20;Descontar Reversa Centauro Envios;-;-;-;-;-23.25
TRILHA ESPORTE;2024-09-13;97164448701;pipecaladosnewanymarket;2024-09-20;Descontar Reversa Centauro Envios;-;-;-;-;-23.25
TRILHA ESPORTE;2024-09-16;97175154701;pipecaladosnewanymarket;2024-09-20;Descontar Reversa Centauro Envios;-;-;-;-;-23.25
TRILHA ESPORTE;2024-09-19;97183537101;pipecaladosnewanymarket;2024-09-20;Descontar Reversa Centauro Envios;-;-;-;-;-21.94
TRILHA ESPORTE;2024-09-16;97172826101;pipecaladosnewanymarket;2024-09-20;Descontar Reversa Centauro Envios;-;-;-;-;-28.00
TRILHA ESPORTE;2024-09-30;97191510801;pipecaladosnewanymarket;2024-09-20;Descontar Reversa Centauro Envios;-;-;-;-;-23.25
TRILHA ESPORTE;2024-09-19;97183476501;pipecaladosnewanymarket;2024-09-20;Descontar Reversa Centauro Envios;-;-;-;-;-21.94
TRILHA ESPORTE;2024-09-30;97189744001;pipecaladosnewanymarket;2024-09-20;Descontar Reversa Centauro Envios;-;-;-;-;-21.94
TRILHA ESPORTE;2024-10-01;97201085401;pipecaladosnewanymarket;2024-09-20;Descontar Reversa Centauro Envios;-;-;-;-;-46.20
TRILHA ESPORTE;2024-10-01;97201225001;pipecaladosnewanymarket;2024-09-20;Descontar Reversa Centauro Envios;-;-;-;-;-21.94
TRILHA ESPORTE;2024-09-16;97174135801;pipecaladosnewanymarket;2024-09-20;Descontar Reversa Centauro Envios;-;-;-;-;-21.94
TRILHA ESPORTE;2024-10-03;97199950401;pipecaladosnewanymarket;2024-09-20;Descontar Reversa Centauro Envios;-;-;-;-;-44.58
TRILHA ESPORTE;2024-10-03;97214977501;pipecaladosnewanymarket;2024-09-20;Descontar Reversa Centauro Envios;-;-;-;-;-17.37
TRILHA ESPORTE;2024-09-18;97180019001;pipecaladosnewanymarket;2024-09-20;Descontar Reversa Centauro Envios;-;-;-;-;-61.18
TRILHA ESPORTE;2024-10-04;97212534901;pipecaladosnewanymarket;2024-09-20;Descontar Reversa Centauro Envios;-;-;-;-;-61.18
TRILHA ESPORTE;2024-10-04;97216186601;pipecaladosnewanymarket;2024-09-20;Descontar Reversa Centauro Envios;-;-;-;-;-21.94
TRILHA ESPORTE;2024-10-05;97202225402;pipecaladosnewanymarket;2024-09-20;Descontar Reversa Centauro Envios;-;-;-;-;-21.94
TRILHA ESPORTE;2024-08-10;97030470401;pipecaladosnewanymarket;2024-09-20;Descontar Reversa Centauro Envios;-;-;-;-;-21.94
TRILHA ESPORTE;2024-10-05;97199986901;pipecaladosnewanymarket;2024-09-20;Descontar Reversa Centauro Envios;-;-;-;-;-26.53
TRILHA ESPORTE;2024-09-09;97140532102;pipecaladosnewanymarket;2024-09-20;Descontar Reversa Centauro Envios;-;-;-;-;-21.93
TRILHA ESPORTE;2024-10-07;97195350402;pipecaladosnewanymarket;2024-09-20;Descontar Reversa Centauro Envios;-;-;-;-;-28.00
TRILHA ESPORTE;2024-10-08;97248425301;pipecaladosnewanymarket;2024-09-20;Descontar Reversa Centauro Envios;-;-;-;-;-16.21
TRILHA ESPORTE;2024-08-05;97006102201;pipecaladosnewanymarket;2024-09-20;Descontar Reversa Centauro Envios;-;-;-;-;-17.37
TRILHA ESPORTE;2024-08-05;97005871401;pipecaladosnewanymarket;2024-09-20;Descontar Reversa Centauro Envios;-;-;-;-;-28.00
TRILHA ESPORTE;2024-08-07;97017720002;pipecaladosnewanymarket;2024-09-20;Descontar Reversa Centauro Envios;-;-;-;-;-17.37
TRILHA ESPORTE;2024-09-19;97183689801;pipecaladosnewanymarket;2024-09-20;Descontar Reversa Centauro Envios;-;-;-;-;-63.14
TRILHA ESPORTE;2024-08-08;97022791402;pipecaladosnewanymarket;2024-09-20;Descontar Reversa Centauro Envios;-;-;-;-;-28.00
TRILHA ESPORTE;2024-08-28;97099829501;pipecaladosnewanymarket;2024-09-20;Descontar Reversa Centauro Envios;-;-;-;-;-46.20
TRILHA ESPORTE;2024-08-19;97065114901;pipecaladosnewanymarket;2024-09-20;Descontar Reversa Centauro Envios;-;-;-;-;-46.20
TRILHA ESPORTE;2024-08-31;97110376401;pipecaladosnewanymarket;2024-09-20;Descontar Reversa Centauro Envios;-;-;-;-;-17.37
TRILHA ESPORTE;2024-09-17;97178563202;pipecaladosnewanymarket;2024-09-20;Descontar Reversa Centauro Envios;-;-;-;-;-27.58
TRILHA ESPORTE;2024-10-08;97193188402;pipecaladosnewanymarket;2024-09-20;Descontar Reversa Centauro Envios;-;-;-;-;-21.94
TRILHA ESPORTE;2024-10-08;97196233201;pipecaladosnewanymarket;2024-09-20;Descontar Reversa Centauro Envios;-;-;-;-;-61.18
TRILHA ESPORTE;2024-10-09;97240270301;pipecaladosnewanymarket;2024-09-20;Descontar Reversa Centauro Envios;-;-;-;-;-23.25
TRILHA ESPORTE;2024-10-12;97253126201;pipecaladosnewanymarket;2024-09-20;Descontar Reversa Centauro Envios;-;-;-;-;-16.21
TRILHA ESPORTE;2024-10-13;97257256201;pipecaladosnewanymarket;2024-09-20;Descontar Reversa Centauro Envios;-;-;-;-;-16.21
TRILHA ESPORTE;2024-10-14;97247363101;pipecaladosnewanymarket;2024-09-20;Descontar Reversa Centauro Envios;-;-;-;-;-63.14
TRILHA ESPORTE;2024-10-14;97257426203;pipecaladosnewanymarket;2024-09-20;Descontar Reversa Centauro Envios;-;-;-;-;-26.53
TRILHA ESPORTE;2024-10-15;97259365801;pipecaladosnewanymarket;2024-09-20;Descontar Reversa Centauro Envios;-;-;-;-;-21.93
TRILHA ESPORTE;2024-10-15;97252287801;pipecaladosnewanymarket;2024-09-20;Descontar Reversa Centauro Envios;-;-;-;-;-23.25
TRILHA ESPORTE;2024-10-15;97252982901;pipecaladosnewanymarket;2024-09-20;Descontar Reversa Centauro Envios;-;-;-;-;-21.94
TRILHA ESPORTE;2024-07-05;96809037901;pipecaladosnewanymarket;2024-09-20;Ajuste de Ciclo;-;-;-;-;499.99
TRILHA ESPORTE;2022-12-28;94518446502;pipecaladosnewanymarket;2024-09-20;Descontar Retroativos;-;-;-;-;-466.28
TRILHA ESPORTE;2023-01-12;94569357001;pipecaladosnewanymarket;2024-09-20;Descontar Retroativos;-;-;-;-;-466.28
TRILHA ESPORTE;2023-04-25;94627754501;pipecaladosnewanymarket;2024-09-20;Descontar Retroativos;-;-;-;-;-466.28
TRILHA ESPORTE;2023-01-31;94651764101;pipecaladosnewanymarket;2024-09-20;Descontar Retroativos;-;-;-;-;-466.28
TRILHA ESPORTE;2023-04-13;94662546701;pipecaladosnewanymarket;2024-09-20;Descontar Retroativos;-;-;-;-;-466.28
TRILHA ESPORTE;2023-05-08;95008672003;pipecaladosnewanymarket;2024-09-20;Descontar Retroativos;-;-;-;-;-466.28
TRILHA ESPORTE;2023-05-27;95107173502;pipecaladosnewanymarket;2024-09-20;Descontar Retroativos;-;-;-;-;-466.28
